Normalized-losses,Wheel-base,Length,Width,Height,Curb-weight,Engine-size,Bore,Stroke,Compression-ratio,Horsepower,Peak-rpm,City-mpg,Highway-mpg,Price,Make_audi,Make_bmw,Make_chevrolet,Make_dodge,Make_honda,Make_jaguar,Make_mazda,Make_mercedes-benz,Make_mitsubishi,Make_nissan,Make_peugot,Make_plymouth,Make_porsche,Make_saab,Make_subaru,Make_toyota,Make_volkswagen,Make_volvo,Fuel-type_diesel,Fuel-type_gas,Aspiration_std,Aspiration_turbo,Num-of-doors_four,Num-of-doors_two,Body-style_convertible,Body-style_hardtop,Body-style_hatchback,Body-style_sedan,Body-style_wagon,Drive-wheels_4wd,Drive-wheels_fwd,Drive-wheels_rwd,Engine-location_front,Engine-type_dohc,Engine-type_l,Engine-type_ohc,Engine-type_ohcf,Engine-type_ohcv,Num-of-cylinders_eight,Num-of-cylinders_five,Num-of-cylinders_four,Num-of-cylinders_six,Num-of-cylinders_three,Fuel-system_1bbl,Fuel-system_2bbl,Fuel-system_idi,Fuel-system_mfi,Fuel-system_mpfi,Fuel-system_spdi,Symboling
0.3614457831325301,0.4145299145299144,0.6065891472868219,0.4594594594594597,0.18811881188118829,0.3877099911582671,0.3526011560693641,0.4271844660194173,0.742690058479532,0.09375,0.2631578947368421,0.346938775510204,0.2727272727272727,0.3888888888888888,0.0614612940979769,0.0,0.0,0.0,0.0,0.0,0.0,0.0,0.0,1.0,0.0,0.0,0.0,0.0,0.0,0.0,0.0,0.0,0.0,0.0,1.0,1.0,0.0,1.0,0.0,0.0,0.0,0.0,1.0,0.0,0.0,1.0,0.0,0.0,0.0,0.0,1.0,0.0,0.0,0.0,0.0,1.0,0.0,0.0,0.0,1.0,0.0,0.0,0.0,0.0,3.0
0.5783132530120483,0.9102564102564101,0.8837209302325579,0.7297297297297298,0.6930693069306937,0.7798408488063661,0.5260115606936416,0.7669902912621359,0.7777777777777777,0.875,0.3092105263157895,0.0,0.3636363636363637,0.4166666666666666,0.3928774452432704,0.0,0.0,0.0,0.0,0.0,0.0,0.0,0.0,0.0,0.0,1.0,0.0,0.0,0.0,0.0,0.0,0.0,0.0,1.0,0.0,0.0,1.0,1.0,0.0,0.0,0.0,0.0,1.0,0.0,0.0,0.0,1.0,0.0,0.0,1.0,0.0,0.0,0.0,0.0,0.0,1.0,0.0,0.0,0.0,0.0,1.0,0.0,0.0,0.0,2.0
0.09638554216867468,0.3376068376068377,0.34302325581395365,0.29729729729729737,0.22772277227722704,0.1861184792219276,0.16763005780346818,0.11650485436893156,0.5380116959064325,0.16249999999999998,0.14473684210526316,0.5102040816326532,0.6666666666666667,0.6944444444444444,0.04761745527503762,0.0,0.0,1.0,0.0,0.0,0.0,0.0,0.0,0.0,0.0,0.0,0.0,0.0,0.0,0.0,0.0,0.0,0.0,0.0,1.0,1.0,0.0,1.0,0.0,0.0,0.0,0.0,1.0,0.0,0.0,1.0,0.0,0.0,0.0,0.0,1.0,0.0,0.0,0.0,0.0,1.0,0.0,0.0,0.0,1.0,0.0,0.0,0.0,0.0,2.0
0.1746987951807229,0.457264957264957,0.5930232558139532,0.4684684684684681,0.5940594059405946,0.3479221927497791,0.2774566473988439,0.27184466019417464,0.7076023391812865,0.125,0.2434210526315789,0.4489795918367345,0.33333333333333337,0.4444444444444444,0.1118207657582344,0.0,0.0,0.0,0.0,0.0,0.0,0.0,0.0,0.0,0.0,0.0,0.0,0.0,0.0,0.0,0.0,1.0,0.0,0.0,1.0,1.0,0.0,1.0,0.0,0.0,0.0,0.0,1.0,0.0,0.0,1.0,0.0,0.0,0.0,0.0,1.0,0.0,0.0,0.0,0.0,1.0,0.0,0.0,0.0,0.0,0.0,0.0,1.0,0.0,4.0
0.0,0.675213675213675,0.6686046511627906,0.5585585585585582,0.4158415841584153,0.4288240495137048,0.3526011560693641,0.3883495145631066,0.7894736842105261,0.10624999999999996,0.2894736842105263,0.020408163265306145,0.33333333333333337,0.3888888888888888,0.20387895000835984,0.0,0.0,0.0,0.0,0.0,0.0,0.0,0.0,0.0,0.0,0.0,0.0,0.0,0.0,0.0,1.0,0.0,0.0,0.0,1.0,1.0,0.0,1.0,0.0,0.0,0.0,1.0,0.0,0.0,0.0,1.0,0.0,0.0,0.0,0.0,1.0,0.0,0.0,0.0,0.0,1.0,0.0,0.0,0.0,0.0,0.0,0.0,1.0,0.0,1.0
0.3614457831325301,0.4145299145299144,0.6065891472868219,0.4594594594594597,0.18811881188118829,0.4045092838196287,0.2832369942196532,0.2524271844660193,0.742690058479532,0.03125,0.4473684210526315,0.5510204081632655,0.21212121212121213,0.3333333333333333,0.1380371175388731,0.0,0.0,0.0,0.0,0.0,0.0,0.0,0.0,1.0,0.0,0.0,0.0,0.0,0.0,0.0,0.0,0.0,0.0,0.0,1.0,0.0,1.0,1.0,0.0,0.0,0.0,0.0,1.0,0.0,0.0,1.0,0.0,0.0,0.0,0.0,1.0,0.0,0.0,0.0,0.0,1.0,0.0,0.0,0.0,0.0,0.0,0.0,0.0,1.0,3.0
0.22891566265060245,0.3376068376068377,0.5639534883720931,0.3153153153153152,0.3762376237623757,0.2427055702917772,0.20809248554913296,0.23300970873786397,0.6432748538011694,0.15000000000000002,0.1381578947368421,0.4285714285714286,0.4545454545454546,0.5277777777777777,0.0952349105500752,0.0,0.0,0.0,0.0,0.0,0.0,0.0,0.0,0.0,1.0,0.0,0.0,0.0,0.0,0.0,0.0,0.0,0.0,0.0,1.0,1.0,0.0,1.0,0.0,0.0,0.0,0.0,0.0,1.0,0.0,1.0,0.0,0.0,0.0,0.0,1.0,0.0,0.0,0.0,0.0,1.0,0.0,0.0,0.0,1.0,0.0,0.0,0.0,0.0,3.0
0.43373493975903615,0.0,0.0678294573643412,0.3243243243243237,0.10891089108910812,0.09946949602122024,0.17919075144508667,0.0,0.7134502923976609,0.16249999999999998,0.06578947368421051,0.2653061224489797,1.0,1.0,0.044407289750877765,0.0,0.0,0.0,0.0,1.0,0.0,0.0,0.0,0.0,0.0,0.0,0.0,0.0,0.0,0.0,0.0,0.0,0.0,0.0,1.0,1.0,0.0,0.0,1.0,0.0,0.0,1.0,0.0,0.0,0.0,1.0,0.0,0.0,0.0,0.0,1.0,0.0,0.0,0.0,0.0,1.0,0.0,0.0,1.0,0.0,0.0,0.0,0.0,0.0,4.0
0.7951807228915664,0.6965811965811963,0.8217054263565893,0.6666666666666661,0.22772277227722704,0.6578249336870026,0.6358381502890174,0.349514563106796,0.6783625730994152,0.14375000000000004,0.7434210526315789,0.4285714285714286,0.12121212121212124,0.16666666666666666,0.3814412305634509,0.0,0.0,0.0,0.0,0.0,0.0,0.0,0.0,0.0,0.0,0.0,0.0,0.0,0.0,0.0,1.0,0.0,0.0,0.0,1.0,1.0,0.0,0.0,1.0,0.0,0.0,1.0,0.0,0.0,0.0,0.0,1.0,0.0,1.0,0.0,0.0,0.0,0.0,0.0,0.0,0.0,1.0,0.0,0.0,0.0,0.0,0.0,1.0,0.0,5.0
0.31927710843373497,0.3034188034188037,0.31395348837209314,0.3153153153153152,0.10891089108910812,0.2829354553492485,0.21387283236994206,0.11650485436893156,0.7017543859649122,0.03749999999999998,0.35526315789473684,0.5510204081632655,0.2424242424242425,0.3333333333333333,0.09383046313325527,0.0,0.0,0.0,1.0,0.0,0.0,0.0,0.0,0.0,0.0,0.0,0.0,0.0,0.0,0.0,0.0,0.0,0.0,0.0,1.0,0.0,1.0,0.0,1.0,0.0,0.0,1.0,0.0,0.0,0.0,1.0,0.0,0.0,0.0,0.0,1.0,0.0,0.0,0.0,0.0,1.0,0.0,0.0,0.0,0.0,0.0,0.0,1.0,0.0,3.0
0.6204819277108435,0.3376068376068377,0.5348837209302326,0.33333333333333304,0.2871287128712874,0.3165340406719718,0.21387283236994206,0.27184466019417464,0.4912280701754384,0.125,0.14473684210526316,0.2653061224489797,0.3939393939393939,0.4444444444444444,0.10322688513626482,0.0,0.0,0.0,0.0,0.0,0.0,0.0,0.0,0.0,0.0,0.0,0.0,0.0,0.0,0.0,1.0,0.0,0.0,0.0,1.0,1.0,0.0,0.0,1.0,0.0,0.0,1.0,0.0,0.0,0.0,0.0,1.0,0.0,0.0,0.0,1.0,0.0,0.0,0.0,0.0,1.0,0.0,0.0,0.0,1.0,0.0,0.0,0.0,0.0,3.0
0.2469879518072289,0.4529914529914527,0.6259689922480622,0.4414414414414409,0.4950495049504955,0.3598585322723253,0.3410404624277457,0.40776699029126207,0.7485380116959064,0.09375,0.3223684210526315,0.4285714285714286,0.33333333333333337,0.4444444444444444,0.14706570807557262,0.0,0.0,0.0,0.0,0.0,0.0,0.0,0.0,0.0,1.0,0.0,0.0,0.0,0.0,0.0,0.0,0.0,0.0,0.0,1.0,1.0,0.0,1.0,0.0,0.0,0.0,0.0,1.0,0.0,0.0,1.0,0.0,0.0,0.0,0.0,1.0,0.0,0.0,0.0,0.0,1.0,0.0,0.0,0.0,1.0,0.0,0.0,0.0,0.0,2.0
0.23493975903614456,0.5341880341880336,0.8817829457364343,0.5585585585585582,0.6336633663366333,0.5335985853227232,0.34682080924855485,0.6116504854368929,0.5146198830409354,0.14375000000000004,0.4078947368421052,0.4489795918367345,0.1515151515151515,0.2777777777777777,0.23470991472997824,0.0,0.0,0.0,0.0,0.0,0.0,0.0,0.0,0.0,0.0,0.0,0.0,0.0,1.0,0.0,0.0,0.0,0.0,0.0,1.0,1.0,0.0,1.0,0.0,0.0,0.0,0.0,1.0,0.0,0.0,1.0,0.0,0.0,0.0,0.0,1.0,0.0,0.0,0.0,0.0,1.0,0.0,0.0,0.0,0.0,0.0,0.0,1.0,0.0,4.0
0.7409638554216869,0.6239316239316239,0.6918604651162794,0.4054054054054044,0.45544554455445496,0.5402298850574714,0.5953757225433526,0.3883495145631066,0.5847953216374269,0.125,0.4802631578947368,0.04081632653061229,0.1515151515151515,0.2777777777777777,0.5289750877779635,0.0,1.0,0.0,0.0,0.0,0.0,0.0,0.0,0.0,0.0,0.0,0.0,0.0,0.0,0.0,0.0,0.0,0.0,0.0,1.0,1.0,0.0,0.0,1.0,0.0,0.0,0.0,1.0,0.0,0.0,0.0,1.0,0.0,0.0,0.0,1.0,0.0,0.0,0.0,0.0,0.0,1.0,0.0,0.0,0.0,0.0,0.0,1.0,0.0,2.0
0.21686746987951805,0.3034188034188037,0.17248062015503862,0.33333333333333304,0.2871287128712874,0.15428824049513712,0.10404624277456648,0.0,0.5146198830409354,0.19375,0.07894736842105265,0.5510204081632655,0.6666666666666667,0.6666666666666665,0.00829292760407957,0.0,0.0,0.0,0.0,1.0,0.0,0.0,0.0,0.0,0.0,0.0,0.0,0.0,0.0,0.0,0.0,0.0,0.0,0.0,1.0,1.0,0.0,0.0,1.0,0.0,0.0,1.0,0.0,0.0,0.0,1.0,0.0,0.0,0.0,0.0,1.0,0.0,0.0,0.0,0.0,1.0,0.0,0.0,1.0,0.0,0.0,0.0,0.0,0.0,3.0
0.3433734939759036,0.3376068376068377,0.4689922480620159,0.3153153153153152,0.4752475247524748,0.213527851458886,0.20809248554913296,0.23300970873786397,0.6432748538011694,0.15000000000000002,0.1381578947368421,0.4285714285714286,0.4545454545454546,0.5277777777777777,0.07851529844507604,0.0,0.0,0.0,0.0,0.0,0.0,0.0,0.0,0.0,1.0,0.0,0.0,0.0,0.0,0.0,0.0,0.0,0.0,0.0,1.0,1.0,0.0,1.0,0.0,0.0,0.0,0.0,1.0,0.0,0.0,1.0,0.0,0.0,0.0,0.0,1.0,0.0,0.0,0.0,0.0,1.0,0.0,0.0,0.0,1.0,0.0,0.0,0.0,0.0,3.0
0.5120481927710843,0.5341880341880336,0.8817829457364343,0.5585585585585582,0.6336633663366333,0.5835543766578251,0.34682080924855485,0.6116504854368929,0.5146198830409354,0.125,0.7368421052631579,0.5510204081632655,0.09090909090909094,0.2222222222222222,0.43467647550576827,0.0,0.0,0.0,0.0,0.0,0.0,0.0,0.0,0.0,0.0,0.0,0.0,0.0,1.0,0.0,0.0,0.0,0.0,0.0,1.0,0.0,1.0,0.0,1.0,0.0,0.0,1.0,0.0,0.0,0.0,1.0,0.0,0.0,1.0,0.0,0.0,0.0,0.0,0.0,0.0,1.0,0.0,0.0,0.0,0.0,0.0,0.0,1.0,0.0,5.0
0.1566265060240964,0.3888888888888888,0.4883720930232562,0.3693693693693696,0.3069306930693063,0.3479221927497791,0.2832369942196532,0.349514563106796,0.6783625730994152,0.96875,0.05263157894736842,0.1428571428571428,0.6666666666666667,0.8055555555555556,0.0881792342417656,0.0,0.0,0.0,0.0,0.0,0.0,0.0,0.0,0.0,0.0,0.0,0.0,0.0,0.0,0.0,1.0,0.0,0.0,1.0,0.0,1.0,0.0,1.0,0.0,0.0,0.0,1.0,0.0,0.0,0.0,1.0,0.0,0.0,0.0,0.0,1.0,0.0,0.0,0.0,0.0,1.0,0.0,0.0,0.0,0.0,1.0,0.0,0.0,0.0,2.0
0.7650602409638556,0.6239316239316239,0.6918604651162794,0.4054054054054044,0.45544554455445496,0.40097259062776297,0.2716763005780347,0.5728155339805823,0.35672514619883033,0.11250000000000004,0.3486842105263158,0.6734693877551019,0.21212121212121213,0.3055555555555555,0.3771610098645711,0.0,1.0,0.0,0.0,0.0,0.0,0.0,0.0,0.0,0.0,0.0,0.0,0.0,0.0,0.0,0.0,0.0,0.0,0.0,1.0,1.0,0.0,0.0,1.0,0.0,0.0,0.0,1.0,0.0,0.0,0.0,1.0,0.0,0.0,0.0,1.0,0.0,0.0,0.0,0.0,1.0,0.0,0.0,0.0,0.0,0.0,0.0,1.0,0.0,4.0
0.13253012048192775,0.3888888888888888,0.3410852713178292,0.29729729729729737,0.4752475247524748,0.2440318302387269,0.17919075144508667,0.13592233009708687,0.4912280701754384,0.125,0.09210526315789476,0.2653061224489797,0.4545454545454546,0.5555555555555556,0.03969235913726801,0.0,0.0,0.0,0.0,0.0,0.0,0.0,0.0,0.0,0.0,0.0,0.0,0.0,0.0,0.0,1.0,0.0,0.0,0.0,1.0,1.0,0.0,0.0,1.0,0.0,0.0,1.0,0.0,0.0,0.0,1.0,0.0,0.0,0.0,0.0,1.0,0.0,0.0,0.0,0.0,1.0,0.0,0.0,0.0,1.0,0.0,0.0,0.0,0.0,3.0
0.3253012048192771,0.3034188034188037,0.31395348837209314,0.3153153153153152,0.10891089108910812,0.2829354553492485,0.21387283236994206,0.11650485436893156,0.7017543859649122,0.03749999999999998,0.35526315789473684,0.5510204081632655,0.2424242424242425,0.3333333333333333,0.09383046313325527,0.0,0.0,0.0,0.0,0.0,0.0,0.0,0.0,0.0,0.0,0.0,1.0,0.0,0.0,0.0,0.0,0.0,0.0,0.0,1.0,0.0,1.0,0.0,1.0,0.0,0.0,1.0,0.0,0.0,0.0,1.0,0.0,0.0,0.0,0.0,1.0,0.0,0.0,0.0,0.0,1.0,0.0,0.0,0.0,0.0,0.0,0.0,0.0,1.0,3.0
0.07831325301204818,0.4230769230769229,0.3100775193798451,0.3243243243243237,0.8514851485148514,0.23695844385499565,0.17919075144508667,0.009708737864077222,0.7134502923976609,0.13749999999999996,0.1842105263157895,0.7551020408163265,0.4242424242424243,0.4444444444444444,0.0716936967062364,0.0,0.0,0.0,0.0,1.0,0.0,0.0,0.0,0.0,0.0,0.0,0.0,0.0,0.0,0.0,0.0,0.0,0.0,0.0,1.0,1.0,0.0,1.0,0.0,0.0,0.0,0.0,0.0,1.0,0.0,1.0,0.0,0.0,0.0,0.0,1.0,0.0,0.0,0.0,0.0,1.0,0.0,0.0,1.0,0.0,0.0,0.0,0.0,0.0,2.0
0.12048192771084335,0.4230769230769229,0.6647286821705429,0.4414414414414409,0.4356435643564352,0.3607427055702919,0.2832369942196532,0.23300970873786397,0.8128654970760234,0.125,0.25,0.6734693877551019,0.33333333333333337,0.4166666666666666,0.12352449423173385,0.0,0.0,0.0,0.0,1.0,0.0,0.0,0.0,0.0,0.0,0.0,0.0,0.0,0.0,0.0,0.0,0.0,0.0,0.0,1.0,1.0,0.0,1.0,0.0,0.0,0.0,0.0,1.0,0.0,0.0,1.0,0.0,0.0,0.0,0.0,1.0,0.0,0.0,0.0,0.0,1.0,0.0,0.0,1.0,0.0,0.0,0.0,0.0,0.0,2.0
0.108433734939759,0.3034188034188037,0.3255813953488373,0.29729729729729737,0.3960396039603964,0.2793987621573829,0.2716763005780347,0.6893203883495147,0.26315789473684204,0.10624999999999996,0.16447368421052633,0.1020408163265305,0.303030303030303,0.3611111111111111,0.0636014044474168,0.0,0.0,0.0,0.0,0.0,0.0,0.0,0.0,0.0,0.0,0.0,0.0,0.0,0.0,1.0,0.0,0.0,0.0,0.0,1.0,1.0,0.0,0.0,1.0,0.0,0.0,1.0,0.0,0.0,0.0,1.0,0.0,0.0,0.0,0.0,0.0,1.0,0.0,0.0,0.0,1.0,0.0,0.0,0.0,1.0,0.0,0.0,0.0,0.0,4.0
1.0,0.5384615384615388,0.7248062015503876,0.6846846846846848,0.0,0.7298850574712643,0.6936416184971098,0.5048543689320386,0.631578947368421,0.125,0.7368421052631579,0.4285714285714286,0.09090909090909094,0.1944444444444444,0.4430028423340577,0.0,0.0,0.0,0.0,0.0,0.0,0.0,0.0,0.0,1.0,0.0,0.0,0.0,0.0,0.0,0.0,0.0,0.0,0.0,1.0,1.0,0.0,0.0,1.0,0.0,0.0,1.0,0.0,0.0,0.0,0.0,1.0,0.0,0.0,0.0,0.0,0.0,1.0,0.0,0.0,0.0,1.0,0.0,0.0,0.0,0.0,0.0,1.0,0.0,3.0
0.463855421686747,0.4273504273504272,0.7596899224806206,0.9189189189189184,0.10891089108910812,0.971264367816092,1.0,0.5339805825242716,0.5321637426900585,0.08125000000000004,0.7039473684210525,0.2448979591836735,0.0,0.0,1.0,0.0,0.0,0.0,0.0,0.0,0.0,0.0,1.0,0.0,0.0,0.0,0.0,0.0,0.0,0.0,0.0,0.0,0.0,0.0,1.0,1.0,0.0,0.0,1.0,1.0,0.0,0.0,0.0,0.0,0.0,0.0,1.0,0.0,0.0,0.0,0.0,0.0,1.0,1.0,0.0,0.0,0.0,0.0,0.0,0.0,0.0,0.0,1.0,0.0,5.0
0.1566265060240964,0.3888888888888888,0.4883720930232562,0.3693693693693696,0.3069306930693063,0.2802829354553493,0.21387283236994206,0.27184466019417464,0.4912280701754384,0.125,0.14473684210526316,0.2653061224489797,0.3636363636363637,0.4444444444444444,0.1072395920414646,0.0,0.0,0.0,0.0,0.0,0.0,0.0,0.0,0.0,0.0,0.0,0.0,0.0,0.0,0.0,1.0,0.0,0.0,0.0,1.0,1.0,0.0,1.0,0.0,0.0,0.0,1.0,0.0,0.0,0.0,1.0,0.0,0.0,0.0,0.0,1.0,0.0,0.0,0.0,0.0,1.0,0.0,0.0,0.0,1.0,0.0,0.0,0.0,0.0,2.0
0.23493975903614456,0.5341880341880336,0.8817829457364343,0.5585585585585582,0.6336633663366333,0.6007957559681698,0.34682080924855485,0.6116504854368929,0.5146198830409354,0.125,0.7368421052631579,0.5510204081632655,0.09090909090909094,0.2222222222222222,0.4503929108844674,0.0,0.0,0.0,0.0,0.0,0.0,0.0,0.0,0.0,0.0,0.0,0.0,0.0,1.0,0.0,0.0,0.0,0.0,0.0,1.0,0.0,1.0,1.0,0.0,0.0,0.0,0.0,1.0,0.0,0.0,1.0,0.0,0.0,1.0,0.0,0.0,0.0,0.0,0.0,0.0,1.0,0.0,0.0,0.0,0.0,0.0,0.0,1.0,0.0,4.0
0.3373493975903615,0.0769230769230771,0.0,0.0,0.34653465346534684,0.0,0.0,0.0,0.4912280701754384,0.15625,0.0,0.3877551020408163,0.9393939393939394,0.9722222222222221,0.0,0.0,0.0,1.0,0.0,0.0,0.0,0.0,0.0,0.0,0.0,0.0,0.0,0.0,0.0,0.0,0.0,0.0,0.0,0.0,1.0,1.0,0.0,0.0,1.0,0.0,0.0,1.0,0.0,0.0,0.0,1.0,0.0,0.0,0.0,1.0,0.0,0.0,0.0,0.0,0.0,0.0,0.0,1.0,0.0,1.0,0.0,0.0,0.0,0.0,4.0
0.0,0.675213675213675,0.6686046511627906,0.5585585585585582,0.5148514851485144,0.3704686118479221,0.3526011560693641,0.3883495145631066,0.7894736842105261,0.10624999999999996,0.2894736842105263,0.020408163265306145,0.3939393939393939,0.4444444444444444,0.12696873432536365,0.0,0.0,0.0,0.0,0.0,0.0,0.0,0.0,0.0,0.0,0.0,0.0,0.0,0.0,0.0,1.0,0.0,0.0,0.0,1.0,1.0,0.0,1.0,0.0,0.0,0.0,0.0,1.0,0.0,0.0,1.0,0.0,0.0,0.0,0.0,1.0,0.0,0.0,0.0,0.0,1.0,0.0,0.0,0.0,0.0,0.0,0.0,1.0,0.0,1.0
0.4156626506024096,0.5042735042735047,0.6802325581395348,0.4774774774774766,0.22772277227722704,0.4699381078691425,0.4913294797687861,0.6893203883495147,0.7660818713450293,0.14375000000000004,0.4473684210526315,0.2653061224489797,0.2424242424242425,0.3333333333333333,0.16177896672797187,0.0,0.0,0.0,0.0,0.0,0.0,0.0,0.0,0.0,0.0,0.0,0.0,0.0,0.0,0.0,1.0,0.0,0.0,0.0,1.0,1.0,0.0,0.0,1.0,0.0,0.0,1.0,0.0,0.0,0.0,0.0,1.0,0.0,0.0,0.0,1.0,0.0,0.0,0.0,0.0,1.0,0.0,0.0,0.0,0.0,0.0,0.0,1.0,0.0,4.0
0.5,0.3034188034188037,0.31395348837209314,0.3153153153153152,0.08910891089108919,0.2214854111405836,0.16763005780346818,0.058252427184465994,0.6081871345029239,0.15000000000000002,0.13157894736842102,0.5510204081632655,0.4545454545454546,0.5555555555555556,0.08219361310817586,0.0,0.0,0.0,1.0,0.0,0.0,0.0,0.0,0.0,0.0,0.0,0.0,0.0,0.0,0.0,0.0,0.0,0.0,0.0,1.0,1.0,0.0,1.0,0.0,0.0,0.0,0.0,1.0,0.0,0.0,1.0,0.0,0.0,0.0,0.0,1.0,0.0,0.0,0.0,0.0,1.0,0.0,0.0,0.0,1.0,0.0,0.0,0.0,0.0,3.0
0.12048192771084335,0.44017094017094,0.6298449612403103,0.4594594594594597,0.5148514851485144,0.5137046861184793,0.2716763005780347,0.6893203883495147,0.26315789473684204,0.04375000000000001,0.4144736842105263,0.2653061224489797,0.21212121212121213,0.13888888888888884,0.21879284400601906,0.0,0.0,0.0,0.0,0.0,0.0,0.0,0.0,0.0,0.0,0.0,0.0,0.0,0.0,1.0,0.0,0.0,0.0,0.0,1.0,0.0,1.0,1.0,0.0,0.0,0.0,0.0,0.0,1.0,1.0,0.0,0.0,0.0,0.0,0.0,0.0,1.0,0.0,0.0,0.0,1.0,0.0,0.0,0.0,0.0,0.0,0.0,1.0,0.0,2.0
0.22289156626506013,0.4444444444444442,0.5988372093023258,0.4594594594594597,0.45544554455445496,0.4518125552608312,0.2716763005780347,0.6893203883495147,0.26315789473684204,0.04375000000000001,0.4144736842105263,0.2653061224489797,0.2424242424242425,0.3055555555555555,0.2042467814746698,0.0,0.0,0.0,0.0,0.0,0.0,0.0,0.0,0.0,0.0,0.0,0.0,0.0,0.0,1.0,0.0,0.0,0.0,0.0,1.0,0.0,1.0,1.0,0.0,0.0,0.0,0.0,1.0,0.0,1.0,0.0,0.0,0.0,0.0,0.0,0.0,1.0,0.0,0.0,0.0,1.0,0.0,0.0,0.0,0.0,0.0,0.0,1.0,0.0,2.0
0.2891566265060241,0.2777777777777777,0.4980620155038764,0.3513513513513509,0.4356435643564352,0.2020335985853228,0.17341040462427748,0.11650485436893156,0.5614035087719298,0.125,0.13157894736842102,0.346938775510204,0.4545454545454546,0.5555555555555556,0.051630162180237416,0.0,0.0,0.0,0.0,0.0,0.0,1.0,0.0,0.0,0.0,0.0,0.0,0.0,0.0,0.0,0.0,0.0,0.0,0.0,1.0,1.0,0.0,1.0,0.0,0.0,0.0,0.0,1.0,0.0,0.0,1.0,0.0,0.0,0.0,0.0,1.0,0.0,0.0,0.0,0.0,1.0,0.0,0.0,0.0,1.0,0.0,0.0,0.0,0.0,3.0
0.4819277108433736,0.39743589743589736,0.6220930232558137,0.5405405405405395,0.04950495049504955,0.5848806366047745,0.5491329479768786,0.6699029126213594,1.0,0.0,0.638157894736842,0.346938775510204,0.09090909090909094,0.16666666666666666,0.2612606587527169,0.0,0.0,0.0,1.0,0.0,0.0,0.0,0.0,0.0,0.0,0.0,0.0,0.0,0.0,0.0,0.0,0.0,0.0,0.0,1.0,0.0,1.0,0.0,1.0,0.0,0.0,1.0,0.0,0.0,0.0,1.0,0.0,0.0,0.0,0.0,1.0,0.0,0.0,0.0,0.0,1.0,0.0,0.0,0.0,0.0,0.0,1.0,0.0,0.0,5.0
0.1566265060240964,0.3888888888888888,0.4883720930232562,0.3693693693693696,0.3267326732673261,0.26215738284703805,0.21387283236994206,0.27184466019417464,0.4912280701754384,0.125,0.14473684210526316,0.2653061224489797,0.4242424242424243,0.5277777777777777,0.059755893663267,0.0,0.0,0.0,0.0,0.0,0.0,0.0,0.0,0.0,0.0,0.0,0.0,0.0,0.0,0.0,1.0,0.0,0.0,0.0,1.0,1.0,0.0,1.0,0.0,0.0,0.0,0.0,1.0,0.0,0.0,1.0,0.0,0.0,0.0,0.0,1.0,0.0,0.0,0.0,0.0,1.0,0.0,0.0,0.0,1.0,0.0,0.0,0.0,0.0,2.0
0.3012048192771085,0.5213675213675208,0.7112403100775198,0.5585585585585582,0.5742574257425739,0.407603890362511,0.3526011560693641,0.46601941747572795,0.7017543859649122,0.09999999999999998,0.23684210526315785,0.2653061224489797,0.303030303030303,0.3888888888888888,0.17033940812573145,0.0,0.0,0.0,0.0,0.0,0.0,1.0,0.0,0.0,0.0,0.0,0.0,0.0,0.0,0.0,0.0,0.0,0.0,0.0,1.0,1.0,0.0,1.0,0.0,0.0,0.0,0.0,1.0,0.0,0.0,1.0,0.0,0.0,0.0,0.0,1.0,0.0,0.0,0.0,0.0,1.0,0.0,0.0,0.0,1.0,0.0,0.0,0.0,0.0,2.0
0.1566265060240964,0.3888888888888888,0.4883720930232562,0.3693693693693696,0.3267326732673261,0.2679045092838197,0.21387283236994206,0.27184466019417464,0.4912280701754384,0.125,0.14473684210526316,0.2653061224489797,0.6666666666666667,0.8055555555555556,0.08650727303126565,0.0,0.0,0.0,0.0,0.0,0.0,0.0,0.0,0.0,0.0,0.0,0.0,0.0,0.0,0.0,1.0,0.0,0.0,0.0,1.0,1.0,0.0,1.0,0.0,0.0,0.0,0.0,1.0,0.0,0.0,1.0,0.0,0.0,0.0,0.0,1.0,0.0,0.0,0.0,0.0,1.0,0.0,0.0,0.0,1.0,0.0,0.0,0.0,0.0,2.0
0.4156626506024096,0.5042735042735047,0.6802325581395348,0.4774774774774766,0.3267326732673261,0.6573828470380194,0.4913294797687861,0.6893203883495147,0.7660818713450293,0.14375000000000004,0.4473684210526315,0.2653061224489797,0.2424242424242425,0.3333333333333333,0.4185922086607591,0.0,0.0,0.0,0.0,0.0,0.0,0.0,0.0,0.0,0.0,0.0,0.0,0.0,0.0,0.0,1.0,0.0,0.0,0.0,1.0,1.0,0.0,0.0,1.0,1.0,0.0,0.0,0.0,0.0,0.0,0.0,1.0,0.0,0.0,0.0,1.0,0.0,0.0,0.0,0.0,1.0,0.0,0.0,0.0,0.0,0.0,0.0,1.0,0.0,4.0
0.1746987951807229,0.457264957264957,0.5930232558139532,0.4684684684684681,0.5940594059405946,0.36737400530503983,0.20809248554913296,0.0970873786407762,0.7076023391812865,1.0,0.13157894736842102,0.1428571428571428,0.6363636363636365,0.6666666666666665,0.14525998996823275,0.0,0.0,0.0,0.0,0.0,0.0,0.0,0.0,0.0,0.0,0.0,0.0,0.0,0.0,0.0,0.0,1.0,0.0,1.0,0.0,0.0,1.0,1.0,0.0,0.0,0.0,0.0,1.0,0.0,0.0,1.0,0.0,0.0,0.0,0.0,1.0,0.0,0.0,0.0,0.0,1.0,0.0,0.0,0.0,0.0,1.0,0.0,0.0,0.0,4.0
0.0,0.675213675213675,0.6686046511627906,0.5585585585585582,0.5148514851485144,0.43854995579133504,0.2832369942196532,0.349514563106796,0.6783625730994152,0.96875,0.16447368421052633,0.1428571428571428,0.4242424242424243,0.4166666666666666,0.1854873766928607,0.0,0.0,0.0,0.0,0.0,0.0,0.0,0.0,0.0,0.0,0.0,0.0,0.0,0.0,0.0,1.0,0.0,0.0,1.0,0.0,0.0,1.0,1.0,0.0,0.0,0.0,0.0,1.0,0.0,0.0,1.0,0.0,0.0,0.0,0.0,1.0,0.0,0.0,0.0,0.0,1.0,0.0,0.0,0.0,0.0,1.0,0.0,0.0,0.0,1.0
0.18072289156626506,0.9615384615384612,0.9244186046511632,0.7747747747747749,0.5742574257425739,0.6737400530503979,0.6473988439306358,0.650485436893204,0.3976608187134503,0.11250000000000004,0.5657894736842105,0.5510204081632655,0.06060606060606055,0.13888888888888884,0.5461962882461127,0.0,0.0,0.0,0.0,0.0,0.0,0.0,0.0,0.0,0.0,0.0,0.0,0.0,0.0,0.0,0.0,0.0,1.0,0.0,1.0,1.0,0.0,1.0,0.0,0.0,0.0,0.0,1.0,0.0,0.0,0.0,1.0,0.0,0.0,0.0,0.0,0.0,1.0,0.0,0.0,0.0,1.0,0.0,0.0,0.0,0.0,0.0,1.0,0.0,1.0
0.3855421686746988,0.5213675213675208,0.7112403100775198,0.5585585585585582,0.3960396039603964,0.3965517241379311,0.3526011560693641,0.46601941747572795,0.7017543859649122,0.09999999999999998,0.23684210526315785,0.2653061224489797,0.303030303030303,0.3888888888888888,0.18204313659923088,0.0,0.0,0.0,0.0,0.0,0.0,1.0,0.0,0.0,0.0,0.0,0.0,0.0,0.0,0.0,0.0,0.0,0.0,0.0,1.0,1.0,0.0,0.0,1.0,0.0,0.0,1.0,0.0,0.0,0.0,1.0,0.0,0.0,0.0,0.0,1.0,0.0,0.0,0.0,0.0,1.0,0.0,0.0,0.0,1.0,0.0,0.0,0.0,0.0,3.0
0.1566265060240964,0.3888888888888888,0.4883720930232562,0.3693693693693696,0.3069306930693063,0.2745358090185677,0.21387283236994206,0.27184466019417464,0.4912280701754384,0.125,0.14473684210526316,0.2653061224489797,0.4242424242424243,0.5277777777777777,0.06845009195786655,0.0,0.0,0.0,0.0,0.0,0.0,0.0,0.0,0.0,0.0,0.0,0.0,0.0,0.0,0.0,1.0,0.0,0.0,0.0,1.0,1.0,0.0,1.0,0.0,0.0,0.0,1.0,0.0,0.0,0.0,1.0,0.0,0.0,0.0,0.0,1.0,0.0,0.0,0.0,0.0,1.0,0.0,0.0,0.0,1.0,0.0,0.0,0.0,0.0,2.0
0.12048192771084335,0.44017094017094,0.6298449612403103,0.4594594594594597,0.5148514851485144,0.4120247568523432,0.2716763005780347,0.6893203883495147,0.26315789473684204,0.125,0.22368421052631585,0.2653061224489797,0.21212121212121213,0.3055555555555555,0.0957030596890152,0.0,0.0,0.0,0.0,0.0,0.0,0.0,0.0,0.0,0.0,0.0,0.0,0.0,0.0,1.0,0.0,0.0,0.0,0.0,1.0,1.0,0.0,1.0,0.0,0.0,0.0,0.0,0.0,1.0,1.0,0.0,0.0,0.0,0.0,0.0,0.0,1.0,0.0,0.0,0.0,1.0,0.0,0.0,0.0,1.0,0.0,0.0,0.0,0.0,2.0
0.1746987951807229,0.457264957264957,0.5930232558139532,0.4684684684684681,0.5940594059405946,0.3200707338638373,0.2774566473988439,0.27184466019417464,0.7076023391812865,0.125,0.2434210526315789,0.4489795918367345,0.33333333333333337,0.4444444444444444,0.10178899849523487,0.0,0.0,0.0,0.0,0.0,0.0,0.0,0.0,0.0,0.0,0.0,0.0,0.0,0.0,0.0,0.0,1.0,0.0,0.0,1.0,1.0,0.0,1.0,0.0,0.0,0.0,0.0,1.0,0.0,0.0,1.0,0.0,0.0,0.0,0.0,1.0,0.0,0.0,0.0,0.0,1.0,0.0,0.0,0.0,0.0,0.0,0.0,1.0,0.0,4.0
0.5120481927710843,0.5341880341880336,0.8817829457364343,0.5585585585585582,0.6336633663366333,0.5172413793103448,0.34682080924855485,0.6116504854368929,0.5146198830409354,0.14437500000000006,0.4078947368421052,0.4489795918367345,0.1515151515151515,0.2777777777777777,0.2240093629827788,0.0,0.0,0.0,0.0,0.0,0.0,0.0,0.0,0.0,0.0,0.0,0.0,0.0,1.0,0.0,0.0,0.0,0.0,0.0,1.0,1.0,0.0,0.0,1.0,0.0,0.0,1.0,0.0,0.0,0.0,1.0,0.0,0.0,0.0,0.0,1.0,0.0,0.0,0.0,0.0,1.0,0.0,0.0,0.0,0.0,0.0,0.0,1.0,0.0,5.0
0.5,0.3034188034188037,0.31395348837209314,0.3153153153153152,0.08910891089108919,0.21175950486295314,0.16763005780346818,0.058252427184465994,0.6081871345029239,0.15000000000000002,0.13157894736842102,0.5510204081632655,0.4545454545454546,0.5555555555555556,0.03604748369837818,0.0,0.0,0.0,1.0,0.0,0.0,0.0,0.0,0.0,0.0,0.0,0.0,0.0,0.0,0.0,0.0,0.0,0.0,0.0,1.0,1.0,0.0,1.0,0.0,0.0,0.0,1.0,0.0,0.0,0.0,1.0,0.0,0.0,0.0,0.0,1.0,0.0,0.0,0.0,0.0,1.0,0.0,0.0,0.0,1.0,0.0,0.0,0.0,0.0,3.0
0.21686746987951805,0.3034188034188037,0.17248062015503862,0.33333333333333304,0.2871287128712874,0.1998231653404068,0.17919075144508667,0.0,0.7134502923976609,0.13749999999999996,0.1842105263157895,0.7551020408163265,0.4242424242424243,0.4444444444444444,0.04607925096137769,0.0,0.0,0.0,0.0,1.0,0.0,0.0,0.0,0.0,0.0,0.0,0.0,0.0,0.0,0.0,0.0,0.0,0.0,0.0,1.0,1.0,0.0,0.0,1.0,0.0,0.0,1.0,0.0,0.0,0.0,1.0,0.0,0.0,0.0,0.0,1.0,0.0,0.0,0.0,0.0,1.0,0.0,0.0,1.0,0.0,0.0,0.0,0.0,0.0,3.0
0.6204819277108435,0.3376068376068377,0.5348837209302326,0.33333333333333304,0.2871287128712874,0.35897435897435903,0.21387283236994206,0.32038834951456296,0.5204678362573099,0.15000000000000002,0.42105263157894735,0.9999999999999998,0.303030303030303,0.3055555555555555,0.14669787660926265,0.0,0.0,0.0,0.0,0.0,0.0,0.0,0.0,0.0,0.0,0.0,0.0,0.0,0.0,0.0,1.0,0.0,0.0,0.0,1.0,1.0,0.0,0.0,1.0,0.0,0.0,1.0,0.0,0.0,0.0,0.0,1.0,0.0,1.0,0.0,0.0,0.0,0.0,0.0,0.0,1.0,0.0,0.0,0.0,0.0,0.0,0.0,1.0,0.0,3.0
0.5602409638554218,0.8205128205128198,1.0,1.0,0.5940594059405946,0.5994694960212201,0.4335260115606936,0.27184466019417464,0.7076023391812865,0.09375,0.4078947368421052,0.5510204081632655,0.09090909090909094,0.1944444444444444,0.41996321685336896,1.0,0.0,0.0,0.0,0.0,0.0,0.0,0.0,0.0,0.0,0.0,0.0,0.0,0.0,0.0,0.0,0.0,0.0,0.0,1.0,1.0,0.0,1.0,0.0,0.0,0.0,0.0,1.0,0.0,0.0,1.0,0.0,0.0,0.0,0.0,1.0,0.0,0.0,0.0,1.0,0.0,0.0,0.0,0.0,0.0,0.0,0.0,1.0,0.0,3.0
0.5783132530120483,0.9102564102564101,0.8837209302325579,0.7297297297297298,0.6930693069306937,0.7015915119363396,0.3410404624277457,0.5339805825242716,0.0,0.08750000000000002,0.3092105263157895,0.346938775510204,0.09090909090909094,0.16666666666666666,0.3487376692860725,0.0,0.0,0.0,0.0,0.0,0.0,0.0,0.0,0.0,0.0,1.0,0.0,0.0,0.0,0.0,0.0,0.0,0.0,0.0,1.0,1.0,0.0,1.0,0.0,0.0,0.0,0.0,1.0,0.0,0.0,0.0,1.0,0.0,0.0,1.0,0.0,0.0,0.0,0.0,0.0,1.0,0.0,0.0,0.0,0.0,0.0,0.0,1.0,0.0,2.0
0.5783132530120483,0.9102564102564101,0.8837209302325579,0.7297297297297298,0.6930693069306937,0.7798408488063661,0.5260115606936416,0.7669902912621359,0.7777777777777777,0.875,0.3092105263157895,0.0,0.3636363636363637,0.4166666666666666,0.4279886306637686,0.0,0.0,0.0,0.0,0.0,0.0,0.0,0.0,0.0,0.0,1.0,0.0,0.0,0.0,0.0,0.0,0.0,0.0,1.0,0.0,0.0,1.0,1.0,0.0,0.0,0.0,0.0,1.0,0.0,0.0,0.0,1.0,0.0,0.0,1.0,0.0,0.0,0.0,0.0,0.0,1.0,0.0,0.0,0.0,0.0,1.0,0.0,0.0,0.0,2.0
0.12048192771084335,0.4230769230769229,0.6647286821705429,0.4414414414414409,0.4356435643564352,0.4319186560565871,0.2832369942196532,0.23300970873786397,0.8128654970760234,0.125,0.3486842105263158,0.6734693877551019,0.2424242424242425,0.2777777777777777,0.2606253134927269,0.0,0.0,0.0,0.0,1.0,0.0,0.0,0.0,0.0,0.0,0.0,0.0,0.0,0.0,0.0,0.0,0.0,0.0,0.0,1.0,1.0,0.0,1.0,0.0,0.0,0.0,0.0,1.0,0.0,0.0,1.0,0.0,0.0,0.0,0.0,1.0,0.0,0.0,0.0,0.0,1.0,0.0,0.0,0.0,0.0,0.0,0.0,1.0,0.0,2.0
0.1746987951807229,0.457264957264957,0.5930232558139532,0.4684684684684681,0.5940594059405946,0.35897435897435903,0.2774566473988439,0.27184466019417464,0.7076023391812865,0.1875,0.3421052631578947,0.5510204081632655,0.303030303030303,0.3888888888888888,0.16197960207323187,0.0,0.0,0.0,0.0,0.0,0.0,0.0,0.0,0.0,0.0,0.0,0.0,0.0,0.0,0.0,0.0,1.0,0.0,0.0,1.0,1.0,0.0,1.0,0.0,0.0,0.0,0.0,1.0,0.0,0.0,1.0,0.0,0.0,0.0,0.0,1.0,0.0,0.0,0.0,0.0,1.0,0.0,0.0,0.0,0.0,0.0,0.0,1.0,0.0,4.0
0.0,0.675213675213675,0.6686046511627906,0.5585585585585582,0.5148514851485144,0.4093722369584438,0.3526011560693641,0.3883495145631066,0.7894736842105261,0.10624999999999996,0.2894736842105263,0.020408163265306145,0.33333333333333337,0.3888888888888888,0.1921752215348604,0.0,0.0,0.0,0.0,0.0,0.0,0.0,0.0,0.0,0.0,0.0,0.0,0.0,0.0,0.0,1.0,0.0,0.0,0.0,1.0,1.0,0.0,1.0,0.0,0.0,0.0,0.0,1.0,0.0,0.0,1.0,0.0,0.0,0.0,0.0,1.0,0.0,0.0,0.0,0.0,1.0,0.0,0.0,0.0,0.0,0.0,0.0,1.0,0.0,1.0
0.3795180722891566,0.3376068376068377,0.4689922480620159,0.3153153153153152,0.4752475247524748,0.1900972590627763,0.20809248554913296,0.23300970873786397,0.6432748538011694,0.15000000000000002,0.1381578947368421,0.4285714285714286,0.4545454545454546,0.5277777777777777,0.0500919578665775,0.0,0.0,0.0,0.0,0.0,0.0,0.0,0.0,0.0,1.0,0.0,0.0,0.0,0.0,0.0,0.0,0.0,0.0,0.0,1.0,1.0,0.0,0.0,1.0,0.0,0.0,0.0,1.0,0.0,0.0,1.0,0.0,0.0,0.0,0.0,1.0,0.0,0.0,0.0,0.0,1.0,0.0,0.0,0.0,1.0,0.0,0.0,0.0,0.0,3.0
0.7289156626506026,0.3376068376068377,0.5387596899224807,0.7207207207207196,0.04950495049504955,0.5702917771883289,0.5202312138728323,1.0,0.5380116959064325,0.15625,0.625,0.5510204081632655,0.09090909090909094,0.25,0.5640193947500418,0.0,0.0,0.0,0.0,0.0,0.0,0.0,0.0,0.0,0.0,0.0,0.0,1.0,0.0,0.0,0.0,0.0,0.0,0.0,1.0,1.0,0.0,0.0,1.0,0.0,0.0,1.0,0.0,0.0,0.0,0.0,1.0,0.0,0.0,0.0,1.0,0.0,0.0,0.0,0.0,1.0,0.0,0.0,0.0,0.0,0.0,0.0,1.0,0.0,5.0
0.16867469879518074,0.9999999999999996,0.9651162790697678,0.9009009009008996,0.6732673267326729,0.8961096374889479,0.7052023121387282,0.650485436893204,0.8479532163742691,0.90625,0.4934210526315789,0.08163265306122436,0.18181818181818188,0.1944444444444444,0.6821936131081758,0.0,0.0,0.0,0.0,0.0,0.0,0.0,1.0,0.0,0.0,0.0,0.0,0.0,0.0,0.0,0.0,0.0,0.0,1.0,0.0,0.0,1.0,1.0,0.0,0.0,0.0,0.0,1.0,0.0,0.0,0.0,1.0,0.0,0.0,0.0,1.0,0.0,0.0,0.0,1.0,0.0,0.0,0.0,0.0,0.0,1.0,0.0,0.0,0.0,1.0
0.7771084337349399,0.20085470085470056,0.5736434108527133,0.6846846846846848,0.0,0.7298850574712643,0.6936416184971098,0.5048543689320386,0.631578947368421,0.04999999999999999,1.0,0.4285714285714286,0.03030303030303028,0.13888888888888884,0.4864738338070557,0.0,0.0,0.0,0.0,0.0,0.0,0.0,0.0,0.0,1.0,0.0,0.0,0.0,0.0,0.0,0.0,0.0,0.0,0.0,1.0,0.0,1.0,0.0,1.0,0.0,0.0,1.0,0.0,0.0,0.0,0.0,1.0,0.0,0.0,0.0,0.0,0.0,1.0,0.0,0.0,0.0,1.0,0.0,0.0,0.0,0.0,0.0,1.0,0.0,5.0
0.3012048192771085,0.5213675213675208,0.7112403100775198,0.5585585585585582,0.5742574257425739,0.407603890362511,0.3526011560693641,0.46601941747572795,0.7017543859649122,0.09999999999999998,0.23684210526315785,0.2653061224489797,0.303030303030303,0.3888888888888888,0.1118207657582344,0.0,0.0,0.0,0.0,0.0,0.0,1.0,0.0,0.0,0.0,0.0,0.0,0.0,0.0,0.0,0.0,0.0,0.0,0.0,1.0,1.0,0.0,1.0,0.0,0.0,0.0,0.0,1.0,0.0,0.0,1.0,0.0,0.0,0.0,0.0,1.0,0.0,0.0,0.0,0.0,1.0,0.0,0.0,0.0,1.0,0.0,0.0,0.0,0.0,2.0
0.31927710843373497,0.7820512820512824,0.6569767441860468,0.5225225225225216,0.4653465346534649,0.5225464190981433,0.4566473988439306,0.8252427184466016,0.567251461988304,0.0625,0.4736842105263158,0.346938775510204,0.09090909090909094,0.25,0.4390235746530681,0.0,0.0,0.0,0.0,0.0,0.0,1.0,0.0,0.0,0.0,0.0,0.0,0.0,0.0,0.0,0.0,0.0,0.0,0.0,1.0,1.0,0.0,1.0,0.0,0.0,0.0,0.0,1.0,0.0,0.0,0.0,1.0,0.0,0.0,0.0,1.0,0.0,0.0,0.0,0.0,1.0,0.0,0.0,0.0,0.0,0.0,0.0,1.0,0.0,2.0
0.07228915662650602,0.3888888888888888,0.554263565891473,0.29729729729729737,0.9306930693069306,0.3501326259946951,0.17919075144508667,0.13592233009708687,0.4912280701754384,0.125,0.09210526315789476,0.2653061224489797,0.4545454545454546,0.5277777777777777,0.05908710917906704,0.0,0.0,0.0,0.0,0.0,0.0,0.0,0.0,0.0,0.0,0.0,0.0,0.0,0.0,0.0,1.0,0.0,0.0,0.0,1.0,1.0,0.0,1.0,0.0,0.0,0.0,0.0,0.0,1.0,0.0,1.0,0.0,0.0,0.0,0.0,1.0,0.0,0.0,0.0,0.0,1.0,0.0,0.0,0.0,1.0,0.0,0.0,0.0,0.0,2.0
0.18072289156626506,0.9615384615384612,0.9244186046511632,0.7747747747747749,0.5742574257425739,0.6472148541114058,0.4624277456647399,0.8446601941747569,0.5614035087719298,0.15625,0.4342105263157895,0.5102040816326532,0.21212121212121213,0.2777777777777777,0.3910382879117205,0.0,0.0,0.0,0.0,0.0,0.0,0.0,0.0,0.0,0.0,0.0,0.0,0.0,0.0,0.0,0.0,0.0,1.0,0.0,1.0,1.0,0.0,1.0,0.0,0.0,0.0,0.0,1.0,0.0,0.0,0.0,1.0,0.0,0.0,0.0,1.0,0.0,0.0,0.0,0.0,1.0,0.0,0.0,0.0,0.0,0.0,0.0,1.0,0.0,1.0
0.054216867469879526,0.7136752136752134,0.6492248062015502,0.38738738738738654,1.0,0.4628647214854111,0.3526011560693641,0.4271844660194173,0.742690058479532,0.09375,0.2631578947368421,0.346938775510204,0.2424242424242425,0.3333333333333333,0.12606587527169366,0.0,0.0,0.0,0.0,0.0,0.0,0.0,0.0,0.0,0.0,0.0,1.0,0.0,0.0,0.0,0.0,0.0,0.0,0.0,1.0,1.0,0.0,1.0,0.0,0.0,0.0,0.0,0.0,1.0,0.0,1.0,0.0,0.0,0.0,0.0,1.0,0.0,0.0,0.0,0.0,1.0,0.0,0.0,0.0,1.0,0.0,0.0,0.0,0.0,1.0
0.3855421686746988,0.5213675213675208,0.7112403100775198,0.5585585585585582,0.3960396039603964,0.3965517241379311,0.3526011560693641,0.46601941747572795,0.7017543859649122,0.09999999999999998,0.23684210526315785,0.2653061224489797,0.303030303030303,0.3888888888888888,0.12352449423173385,0.0,0.0,0.0,0.0,0.0,0.0,1.0,0.0,0.0,0.0,0.0,0.0,0.0,0.0,0.0,0.0,0.0,0.0,0.0,1.0,1.0,0.0,0.0,1.0,0.0,0.0,1.0,0.0,0.0,0.0,1.0,0.0,0.0,0.0,0.0,1.0,0.0,0.0,0.0,0.0,1.0,0.0,0.0,0.0,1.0,0.0,0.0,0.0,0.0,3.0
0.2469879518072289,0.4529914529914527,0.6259689922480622,0.4414414414414409,0.4950495049504955,0.3695844385499558,0.3410404624277457,0.40776699029126207,0.7485380116959064,0.09375,0.3223684210526315,0.4285714285714286,0.33333333333333337,0.4444444444444444,0.12700217354957366,0.0,0.0,0.0,0.0,0.0,0.0,0.0,0.0,0.0,1.0,0.0,0.0,0.0,0.0,0.0,0.0,0.0,0.0,0.0,1.0,1.0,0.0,1.0,0.0,0.0,0.0,1.0,0.0,0.0,0.0,1.0,0.0,0.0,0.0,0.0,1.0,0.0,0.0,0.0,0.0,1.0,0.0,0.0,0.0,1.0,0.0,0.0,0.0,0.0,2.0
0.6204819277108435,0.3376068376068377,0.5348837209302326,0.33333333333333304,0.2871287128712874,0.3435013262599469,0.21387283236994206,0.32038834951456296,0.5204678362573099,0.15000000000000002,0.42105263157894735,0.9999999999999998,0.303030303030303,0.3055555555555555,0.13867246279886308,0.0,0.0,0.0,0.0,0.0,0.0,0.0,0.0,0.0,0.0,0.0,0.0,0.0,0.0,0.0,1.0,0.0,0.0,0.0,1.0,1.0,0.0,0.0,1.0,0.0,0.0,0.0,1.0,0.0,0.0,0.0,1.0,0.0,1.0,0.0,0.0,0.0,0.0,0.0,0.0,1.0,0.0,0.0,0.0,0.0,0.0,0.0,1.0,0.0,3.0
0.23493975903614456,0.2777777777777777,0.34883720930232576,0.3513513513513509,0.4356435643564352,0.17771883289124668,0.17341040462427748,0.11650485436893156,0.5614035087719298,0.125,0.13157894736842102,0.346938775510204,0.4242424242424243,0.3611111111111111,0.0014713258652399028,0.0,0.0,0.0,0.0,0.0,0.0,1.0,0.0,0.0,0.0,0.0,0.0,0.0,0.0,0.0,0.0,0.0,0.0,0.0,1.0,1.0,0.0,0.0,1.0,0.0,0.0,1.0,0.0,0.0,0.0,1.0,0.0,0.0,0.0,0.0,1.0,0.0,0.0,0.0,0.0,1.0,0.0,0.0,0.0,1.0,0.0,0.0,0.0,0.0,3.0
0.4156626506024096,0.5042735042735047,0.6802325581395348,0.4774774774774766,0.22772277227722704,0.4633068081343943,0.4913294797687861,0.6893203883495147,0.7660818713450293,0.14375000000000004,0.4473684210526315,0.2653061224489797,0.2424242424242425,0.3333333333333333,0.1500752382544725,0.0,0.0,0.0,0.0,0.0,0.0,0.0,0.0,0.0,0.0,0.0,0.0,0.0,0.0,0.0,1.0,0.0,0.0,0.0,1.0,1.0,0.0,0.0,1.0,0.0,1.0,0.0,0.0,0.0,0.0,0.0,1.0,0.0,0.0,0.0,1.0,0.0,0.0,0.0,0.0,1.0,0.0,0.0,0.0,0.0,0.0,0.0,1.0,0.0,4.0
0.43373493975903615,0.4145299145299144,0.6065891472868219,0.4594594594594597,0.18811881188118829,0.4045092838196287,0.2832369942196532,0.2524271844660193,0.742690058479532,0.03125,0.4473684210526315,0.5510204081632655,0.21212121212121213,0.3333333333333333,0.1380371175388731,0.0,0.0,0.0,0.0,0.0,0.0,0.0,0.0,1.0,0.0,0.0,0.0,0.0,0.0,0.0,0.0,0.0,0.0,0.0,1.0,1.0,0.0,1.0,0.0,0.0,0.0,0.0,1.0,0.0,0.0,1.0,0.0,0.0,0.0,0.0,1.0,0.0,0.0,0.0,0.0,1.0,0.0,0.0,0.0,0.0,0.0,0.0,0.0,1.0,1.0
0.16867469879518074,0.9999999999999996,0.9651162790697678,0.9009009009008996,0.891089108910891,1.0,0.7052023121387282,0.650485436893204,0.8479532163742691,0.90625,0.4934210526315789,0.08163265306122436,0.18181818181818188,0.1944444444444444,0.7723457615783313,0.0,0.0,0.0,0.0,0.0,0.0,0.0,1.0,0.0,0.0,0.0,0.0,0.0,0.0,0.0,0.0,0.0,0.0,1.0,0.0,0.0,1.0,1.0,0.0,0.0,0.0,0.0,0.0,1.0,0.0,0.0,1.0,0.0,0.0,0.0,1.0,0.0,0.0,0.0,1.0,0.0,0.0,0.0,0.0,0.0,1.0,0.0,0.0,0.0,1.0
0.21686746987951805,0.3034188034188037,0.17248062015503862,0.33333333333333304,0.2871287128712874,0.206896551724138,0.17919075144508667,0.0,0.7134502923976609,0.13749999999999996,0.1842105263157895,0.7551020408163265,0.4242424242424243,0.4444444444444444,0.06614278548737668,0.0,0.0,0.0,0.0,1.0,0.0,0.0,0.0,0.0,0.0,0.0,0.0,0.0,0.0,0.0,0.0,0.0,0.0,0.0,1.0,1.0,0.0,0.0,1.0,0.0,0.0,1.0,0.0,0.0,0.0,1.0,0.0,0.0,0.0,0.0,1.0,0.0,0.0,0.0,0.0,1.0,0.0,0.0,1.0,0.0,0.0,0.0,0.0,0.0,3.0
0.3795180722891566,0.3376068376068377,0.4689922480620159,0.3153153153153152,0.4752475247524748,0.204686118479222,0.20809248554913296,0.23300970873786397,0.6432748538011694,0.15000000000000002,0.1381578947368421,0.4285714285714286,0.4545454545454546,0.5277777777777777,0.07182745360307641,0.0,0.0,0.0,0.0,0.0,0.0,0.0,0.0,0.0,1.0,0.0,0.0,0.0,0.0,0.0,0.0,0.0,0.0,0.0,1.0,1.0,0.0,0.0,1.0,0.0,0.0,0.0,1.0,0.0,0.0,1.0,0.0,0.0,0.0,0.0,1.0,0.0,0.0,0.0,0.0,1.0,0.0,0.0,0.0,1.0,0.0,0.0,0.0,0.0,3.0
0.2469879518072289,0.4230769230769229,0.5116279069767442,0.4414414414414409,0.35643564356435586,0.3541114058355439,0.2832369942196532,0.23300970873786397,0.8128654970760234,0.125,0.25,0.6734693877551019,0.33333333333333337,0.4166666666666666,0.13188430028423334,0.0,0.0,0.0,0.0,1.0,0.0,0.0,0.0,0.0,0.0,0.0,0.0,0.0,0.0,0.0,0.0,0.0,0.0,0.0,1.0,1.0,0.0,0.0,1.0,0.0,0.0,1.0,0.0,0.0,0.0,1.0,0.0,0.0,0.0,0.0,1.0,0.0,0.0,0.0,0.0,1.0,0.0,0.0,1.0,0.0,0.0,0.0,0.0,0.0,2.0
0.7409638554216869,0.6239316239316239,0.6918604651162794,0.4054054054054044,0.45544554455445496,0.5645446507515473,0.5953757225433526,0.3883495145631066,0.5847953216374269,0.125,0.4802631578947368,0.04081632653061229,0.1515151515151515,0.2777777777777777,0.5334893830463133,0.0,1.0,0.0,0.0,0.0,0.0,0.0,0.0,0.0,0.0,0.0,0.0,0.0,0.0,0.0,0.0,0.0,0.0,0.0,1.0,1.0,0.0,1.0,0.0,0.0,0.0,0.0,1.0,0.0,0.0,0.0,1.0,0.0,0.0,0.0,1.0,0.0,0.0,0.0,0.0,0.0,1.0,0.0,0.0,0.0,0.0,0.0,1.0,0.0,2.0
0.5783132530120483,0.3034188034188037,0.31395348837209314,0.3693693693693696,0.10891089108910812,0.2281167108753316,0.17919075144508667,0.058252427184465994,0.6081871345029239,0.15000000000000002,0.13157894736842102,0.5510204081632655,0.4545454545454546,0.5555555555555556,0.05076074235077746,0.0,0.0,0.0,0.0,0.0,0.0,0.0,0.0,1.0,0.0,0.0,0.0,0.0,0.0,0.0,0.0,0.0,0.0,0.0,1.0,1.0,0.0,0.0,1.0,0.0,0.0,1.0,0.0,0.0,0.0,1.0,0.0,0.0,0.0,0.0,1.0,0.0,0.0,0.0,0.0,1.0,0.0,0.0,0.0,1.0,0.0,0.0,0.0,0.0,4.0
0.6204819277108435,0.3376068376068377,0.5348837209302326,0.33333333333333304,0.2871287128712874,0.3010610079575597,0.21387283236994206,0.27184466019417464,0.4912280701754384,0.125,0.14473684210526316,0.2653061224489797,0.3939393939393939,0.4444444444444444,0.09720782477846512,0.0,0.0,0.0,0.0,0.0,0.0,0.0,0.0,0.0,0.0,0.0,0.0,0.0,0.0,0.0,1.0,0.0,0.0,0.0,1.0,1.0,0.0,0.0,1.0,0.0,0.0,0.0,1.0,0.0,0.0,0.0,1.0,0.0,0.0,0.0,1.0,0.0,0.0,0.0,0.0,1.0,0.0,0.0,0.0,1.0,0.0,0.0,0.0,0.0,3.0
0.13253012048192775,0.3888888888888888,0.3410852713178292,0.29729729729729737,0.4752475247524748,0.2197170645446508,0.17919075144508667,0.13592233009708687,0.4912280701754384,0.125,0.09210526315789476,0.2653061224489797,0.5757575757575757,0.5833333333333333,0.006587527169369667,0.0,0.0,0.0,0.0,0.0,0.0,0.0,0.0,0.0,0.0,0.0,0.0,0.0,0.0,0.0,1.0,0.0,0.0,0.0,1.0,1.0,0.0,0.0,1.0,0.0,0.0,1.0,0.0,0.0,0.0,1.0,0.0,0.0,0.0,0.0,1.0,0.0,0.0,0.0,0.0,1.0,0.0,0.0,0.0,1.0,0.0,0.0,0.0,0.0,3.0
0.3795180722891566,0.5897435897435899,0.7868217054263567,0.5585585585585582,0.5346534653465342,0.7104332449160036,0.6936416184971098,0.5048543689320386,0.631578947368421,0.125,0.6842105263157895,0.4285714285714286,0.03030303030303028,0.11111111111111104,0.27915064370506604,0.0,0.0,0.0,0.0,0.0,0.0,0.0,0.0,0.0,1.0,0.0,0.0,0.0,0.0,0.0,0.0,0.0,0.0,0.0,1.0,1.0,0.0,1.0,0.0,0.0,0.0,0.0,1.0,0.0,0.0,1.0,0.0,0.0,0.0,0.0,0.0,0.0,1.0,0.0,0.0,0.0,1.0,0.0,0.0,0.0,0.0,0.0,1.0,0.0,2.0
0.7650602409638556,0.6239316239316239,0.6918604651162794,0.4054054054054044,0.45544554455445496,0.40097259062776297,0.2716763005780347,0.5728155339805823,0.35672514619883033,0.11250000000000004,0.3486842105263158,0.6734693877551019,0.21212121212121213,0.3055555555555555,0.3937134258485203,0.0,1.0,0.0,0.0,0.0,0.0,0.0,0.0,0.0,0.0,0.0,0.0,0.0,0.0,0.0,0.0,0.0,0.0,0.0,1.0,1.0,0.0,1.0,0.0,0.0,0.0,0.0,1.0,0.0,0.0,0.0,1.0,0.0,0.0,0.0,1.0,0.0,0.0,0.0,0.0,1.0,0.0,0.0,0.0,0.0,0.0,0.0,1.0,0.0,2.0
0.6204819277108435,0.3632478632478633,0.4127906976744189,0.3153153153153152,0.35643564356435586,0.2298850574712644,0.20809248554913296,0.23300970873786397,0.6432748538011694,0.15000000000000002,0.1381578947368421,0.4285714285714286,0.4545454545454546,0.5277777777777777,0.1035947166025748,0.0,0.0,0.0,0.0,0.0,0.0,0.0,0.0,0.0,1.0,0.0,0.0,0.0,0.0,0.0,0.0,0.0,0.0,0.0,1.0,1.0,0.0,0.0,1.0,0.0,1.0,0.0,0.0,0.0,0.0,1.0,0.0,0.0,0.0,0.0,1.0,0.0,0.0,0.0,0.0,1.0,0.0,0.0,0.0,1.0,0.0,0.0,0.0,0.0,4.0
0.5783132530120483,0.3034188034188037,0.31395348837209314,0.3693693693693696,0.10891089108910812,0.1900972590627763,0.17919075144508667,0.058252427184465994,0.6081871345029239,0.15000000000000002,0.13157894736842102,0.5510204081632655,0.6363636363636365,0.6388888888888888,0.007958535361979602,0.0,0.0,0.0,0.0,0.0,0.0,0.0,0.0,1.0,0.0,0.0,0.0,0.0,0.0,0.0,0.0,0.0,0.0,0.0,1.0,1.0,0.0,0.0,1.0,0.0,0.0,1.0,0.0,0.0,0.0,1.0,0.0,0.0,0.0,0.0,1.0,0.0,0.0,0.0,0.0,1.0,0.0,0.0,0.0,1.0,0.0,0.0,0.0,0.0,4.0
0.2710843373493976,0.7136752136752134,0.6492248062015502,0.38738738738738654,1.0,0.4628647214854111,0.3526011560693641,0.4174757281553396,0.742690058479532,0.09375,0.2631578947368421,0.346938775510204,0.2424242424242425,0.3333333333333333,0.12606587527169366,0.0,0.0,0.0,1.0,0.0,0.0,0.0,0.0,0.0,0.0,0.0,0.0,0.0,0.0,0.0,0.0,0.0,0.0,0.0,1.0,1.0,0.0,1.0,0.0,0.0,0.0,0.0,0.0,1.0,0.0,1.0,0.0,0.0,0.0,0.0,1.0,0.0,0.0,0.0,0.0,1.0,0.0,0.0,0.0,1.0,0.0,0.0,0.0,0.0,1.0
0.5783132530120483,0.9145299145299144,0.8837209302325579,0.7207207207207196,0.6237623762376234,0.7259062776304155,0.4219653179190751,0.6796116504854366,0.5964912280701753,0.0,0.6184210526315789,0.5918367346938773,0.06060606060606055,0.16666666666666666,0.43467647550576827,0.0,0.0,0.0,0.0,0.0,0.0,0.0,0.0,0.0,0.0,1.0,0.0,0.0,0.0,0.0,0.0,0.0,0.0,0.0,1.0,0.0,1.0,1.0,0.0,0.0,0.0,0.0,1.0,0.0,0.0,0.0,1.0,0.0,0.0,1.0,0.0,0.0,0.0,0.0,0.0,1.0,0.0,0.0,0.0,0.0,0.0,0.0,1.0,0.0,2.0
0.3795180722891566,0.3376068376068377,0.4689922480620159,0.3153153153153152,0.4752475247524748,0.17727674624226353,0.20809248554913296,0.23300970873786397,0.6432748538011694,0.15000000000000002,0.1381578947368421,0.4285714285714286,0.4545454545454546,0.5277777777777777,0.011636850025079415,0.0,0.0,0.0,0.0,0.0,0.0,0.0,0.0,0.0,1.0,0.0,0.0,0.0,0.0,0.0,0.0,0.0,0.0,0.0,1.0,1.0,0.0,0.0,1.0,0.0,0.0,0.0,1.0,0.0,0.0,1.0,0.0,0.0,0.0,0.0,1.0,0.0,0.0,0.0,0.0,1.0,0.0,0.0,0.0,1.0,0.0,0.0,0.0,0.0,3.0
0.14457831325301201,0.4444444444444442,0.6279069767441863,0.4594594594594597,0.3267326732673261,0.4274977895667551,0.2716763005780347,0.6893203883495147,0.26315789473684204,0.125,0.3026315789473684,0.4285714285714286,0.2727272727272727,0.3611111111111111,0.16876776458786152,0.0,0.0,0.0,0.0,0.0,0.0,0.0,0.0,0.0,0.0,0.0,0.0,0.0,0.0,1.0,0.0,0.0,0.0,0.0,1.0,1.0,0.0,1.0,0.0,0.0,0.0,0.0,0.0,1.0,0.0,1.0,0.0,0.0,0.0,0.0,0.0,1.0,0.0,0.0,0.0,1.0,0.0,0.0,0.0,0.0,0.0,0.0,1.0,0.0,2.0
0.5783132530120483,0.9102564102564101,0.8837209302325579,0.7297297297297298,0.6930693069306937,0.7015915119363396,0.3410404624277457,0.5339805825242716,0.5847953216374269,0.08750000000000002,0.3223684210526315,0.346938775510204,0.09090909090909094,0.16666666666666666,0.3838488547065708,0.0,0.0,0.0,0.0,0.0,0.0,0.0,0.0,0.0,0.0,1.0,0.0,0.0,0.0,0.0,0.0,0.0,0.0,0.0,1.0,1.0,0.0,1.0,0.0,0.0,0.0,0.0,1.0,0.0,0.0,0.0,1.0,0.0,0.0,1.0,0.0,0.0,0.0,0.0,0.0,1.0,0.0,0.0,0.0,0.0,0.0,0.0,1.0,0.0,2.0
0.4819277108433736,1.1282051282051282,1.1337209302325584,0.8378378378378368,0.3069306930693063,1.1396993810786915,1.138728323699422,0.6990291262135919,1.1578947368421053,0.06874999999999998,0.8421052631578948,0.2448979591836735,-0.03030303030303028,0.02777777777777779,0.9061695368667448,0.0,0.0,0.0,0.0,0.0,1.0,0.0,0.0,0.0,0.0,0.0,0.0,0.0,0.0,0.0,0.0,0.0,0.0,0.0,1.0,1.0,0.0,1.0,0.0,0.0,0.0,0.0,1.0,0.0,0.0,0.0,1.0,0.0,1.0,0.0,0.0,0.0,0.0,0.0,0.0,0.0,1.0,0.0,0.0,0.0,0.0,0.0,1.0,0.0,2.0
0.4156626506024096,0.5042735042735047,0.6802325581395348,0.4774774774774766,0.22772277227722704,0.5265251989389921,0.4913294797687861,0.6893203883495147,0.7660818713450293,0.14375000000000004,0.4473684210526315,0.2653061224489797,0.2424242424242425,0.3333333333333333,0.20224042802206987,0.0,0.0,0.0,0.0,0.0,0.0,0.0,0.0,0.0,0.0,0.0,0.0,0.0,0.0,0.0,1.0,0.0,0.0,0.0,1.0,1.0,0.0,0.0,1.0,0.0,1.0,0.0,0.0,0.0,0.0,0.0,1.0,0.0,0.0,0.0,1.0,0.0,0.0,0.0,0.0,1.0,0.0,0.0,0.0,0.0,0.0,0.0,1.0,0.0,4.0
0.16867469879518074,1.2393162393162391,1.1918604651162794,1.0270270270270263,0.6534653465346532,1.008841732979664,0.7052023121387282,0.650485436893204,0.8479532163742691,0.90625,0.4934210526315789,0.08163265306122436,0.18181818181818188,0.1944444444444444,0.8844340411302457,0.0,0.0,0.0,0.0,0.0,0.0,0.0,1.0,0.0,0.0,0.0,0.0,0.0,0.0,0.0,0.0,0.0,0.0,1.0,0.0,0.0,1.0,1.0,0.0,0.0,0.0,0.0,1.0,0.0,0.0,0.0,1.0,0.0,0.0,0.0,1.0,0.0,0.0,0.0,1.0,0.0,0.0,0.0,0.0,0.0,1.0,0.0,0.0,0.0,1.0
0.15060240963855426,0.7649572649572645,0.9050387596899228,0.5585585585585582,0.4356435643564352,0.7263483642793989,0.6358381502890174,0.349514563106796,0.6783625730994152,0.13749999999999996,0.7105263157894736,0.4285714285714286,0.12121212121212124,0.16666666666666666,0.3524159839491724,0.0,0.0,0.0,0.0,0.0,0.0,0.0,0.0,0.0,0.0,0.0,0.0,0.0,0.0,0.0,1.0,0.0,0.0,0.0,1.0,1.0,0.0,1.0,0.0,0.0,0.0,0.0,1.0,0.0,0.0,0.0,1.0,0.0,1.0,0.0,0.0,0.0,0.0,0.0,0.0,0.0,1.0,0.0,0.0,0.0,0.0,0.0,1.0,0.0,1.0
0.31927710843373497,0.3034188034188037,0.31395348837209314,0.3153153153153152,0.10891089108910812,0.17152961980548187,0.16763005780346818,0.058252427184465994,0.6081871345029239,0.15000000000000002,0.13157894736842102,0.5510204081632655,0.4545454545454546,0.5555555555555556,0.04099648888145793,0.0,0.0,0.0,1.0,0.0,0.0,0.0,0.0,0.0,0.0,0.0,0.0,0.0,0.0,0.0,0.0,0.0,0.0,0.0,1.0,1.0,0.0,0.0,1.0,0.0,0.0,1.0,0.0,0.0,0.0,1.0,0.0,0.0,0.0,0.0,1.0,0.0,0.0,0.0,0.0,1.0,0.0,0.0,0.0,1.0,0.0,0.0,0.0,0.0,3.0
0.12048192771084335,0.4230769230769229,0.6647286821705429,0.19819819819819795,0.4356435643564352,0.3908045977011494,0.2832369942196532,0.23300970873786397,0.8128654970760234,0.125,0.25,0.6734693877551019,0.33333333333333337,0.4166666666666666,0.1720113693362314,0.0,0.0,0.0,0.0,1.0,0.0,0.0,0.0,0.0,0.0,0.0,0.0,0.0,0.0,0.0,0.0,0.0,0.0,0.0,1.0,1.0,0.0,1.0,0.0,0.0,0.0,0.0,1.0,0.0,0.0,1.0,0.0,0.0,0.0,0.0,1.0,0.0,0.0,0.0,0.0,1.0,0.0,0.0,1.0,0.0,0.0,0.0,0.0,0.0,2.0
0.22289156626506013,0.4529914529914527,0.5988372093023258,0.4594594594594597,0.2772277227722766,0.3766578249336869,0.2716763005780347,0.6893203883495147,0.26315789473684204,0.125,0.3026315789473684,0.4285714285714286,0.303030303030303,0.3888888888888888,0.16080922922588192,0.0,0.0,0.0,0.0,0.0,0.0,0.0,0.0,0.0,0.0,0.0,0.0,0.0,0.0,1.0,0.0,0.0,0.0,0.0,1.0,1.0,0.0,1.0,0.0,0.0,0.0,0.0,1.0,0.0,0.0,1.0,0.0,0.0,0.0,0.0,0.0,1.0,0.0,0.0,0.0,1.0,0.0,0.0,0.0,0.0,0.0,0.0,1.0,0.0,2.0
0.3012048192771085,0.5213675213675208,0.7112403100775198,0.5585585585585582,0.5742574257425739,0.4142351900972592,0.3526011560693641,0.46601941747572795,0.7017543859649122,0.09999999999999998,0.23684210526315785,0.2653061224489797,0.303030303030303,0.3888888888888888,0.2037786323357298,0.0,0.0,0.0,0.0,0.0,0.0,1.0,0.0,0.0,0.0,0.0,0.0,0.0,0.0,0.0,0.0,0.0,0.0,0.0,1.0,1.0,0.0,1.0,0.0,0.0,0.0,1.0,0.0,0.0,0.0,1.0,0.0,0.0,0.0,0.0,1.0,0.0,0.0,0.0,0.0,1.0,0.0,0.0,0.0,1.0,0.0,0.0,0.0,0.0,2.0
0.3433734939759036,0.457264957264957,0.5930232558139532,0.4684684684684681,0.5940594059405946,0.34173297966401417,0.20809248554913296,0.0970873786407762,0.7076023391812865,1.0,0.02631578947368418,0.2653061224489797,0.6363636363636365,0.7777777777777777,0.08774452432703561,0.0,0.0,0.0,0.0,0.0,0.0,0.0,0.0,0.0,0.0,0.0,0.0,0.0,0.0,0.0,0.0,1.0,0.0,1.0,0.0,1.0,0.0,0.0,1.0,0.0,0.0,0.0,1.0,0.0,0.0,1.0,0.0,0.0,0.0,0.0,1.0,0.0,0.0,0.0,0.0,1.0,0.0,0.0,0.0,0.0,1.0,0.0,0.0,0.0,4.0
0.1746987951807229,0.457264957264957,0.5930232558139532,0.4684684684684681,0.5940594059405946,0.3430592396109637,0.20809248554913296,0.0970873786407762,0.7076023391812865,1.0,0.02631578947368418,0.2653061224489797,0.6363636363636365,0.7777777777777777,0.09510115365323524,0.0,0.0,0.0,0.0,0.0,0.0,0.0,0.0,0.0,0.0,0.0,0.0,0.0,0.0,0.0,0.0,1.0,0.0,1.0,0.0,1.0,0.0,1.0,0.0,0.0,0.0,0.0,1.0,0.0,0.0,1.0,0.0,0.0,0.0,0.0,1.0,0.0,0.0,0.0,0.0,1.0,0.0,0.0,0.0,0.0,1.0,0.0,0.0,0.0,4.0
0.18072289156626506,0.9615384615384612,0.9244186046511632,0.7657657657657646,0.5742574257425739,0.6900972590627763,0.4624277456647399,0.8446601941747569,0.5614035087719298,0.10624999999999996,0.7368421052631579,0.4693877551020409,0.09090909090909094,0.1944444444444444,0.4646045811737167,0.0,0.0,0.0,0.0,0.0,0.0,0.0,0.0,0.0,0.0,0.0,0.0,0.0,0.0,0.0,0.0,0.0,1.0,0.0,1.0,0.0,1.0,1.0,0.0,0.0,0.0,0.0,1.0,0.0,0.0,0.0,1.0,0.0,0.0,0.0,1.0,0.0,0.0,0.0,0.0,1.0,0.0,0.0,0.0,0.0,0.0,0.0,1.0,0.0,1.0
0.054216867469879526,0.7564102564102559,0.9244186046511632,0.6216216216216209,0.7722772277227721,0.6834659593280283,0.4624277456647399,0.8446601941747569,0.5614035087719298,0.15625,0.4342105263157895,0.5102040816326532,0.21212121212121213,0.2777777777777777,0.2763417488714261,0.0,0.0,0.0,0.0,0.0,0.0,0.0,0.0,0.0,0.0,0.0,0.0,0.0,0.0,0.0,0.0,0.0,1.0,0.0,1.0,1.0,0.0,1.0,0.0,0.0,0.0,0.0,0.0,1.0,0.0,0.0,1.0,0.0,0.0,0.0,1.0,0.0,0.0,0.0,0.0,1.0,0.0,0.0,0.0,0.0,0.0,0.0,1.0,0.0,1.0
0.3253012048192771,0.3034188034188037,0.31395348837209314,0.3153153153153152,0.10891089108910812,0.1900972590627763,0.16763005780346818,0.058252427184465994,0.6081871345029239,0.15000000000000002,0.13157894736842102,0.5510204081632655,0.6363636363636365,0.6388888888888888,0.014077913392409297,0.0,0.0,0.0,0.0,0.0,0.0,0.0,0.0,0.0,0.0,0.0,1.0,0.0,0.0,0.0,0.0,0.0,0.0,0.0,1.0,1.0,0.0,0.0,1.0,0.0,0.0,1.0,0.0,0.0,0.0,1.0,0.0,0.0,0.0,0.0,1.0,0.0,0.0,0.0,0.0,1.0,0.0,0.0,0.0,1.0,0.0,0.0,0.0,0.0,3.0
0.536144578313253,0.3034188034188037,0.5077519379844966,0.3153153153153152,0.10891089108910812,0.2214854111405836,0.16763005780346818,0.058252427184465994,0.6081871345029239,0.15000000000000002,0.13157894736842102,0.5510204081632655,0.4545454545454546,0.5555555555555556,0.05152984450760742,0.0,0.0,0.0,0.0,0.0,0.0,0.0,0.0,0.0,0.0,0.0,1.0,0.0,0.0,0.0,0.0,0.0,0.0,0.0,1.0,1.0,0.0,1.0,0.0,0.0,0.0,0.0,1.0,0.0,0.0,1.0,0.0,0.0,0.0,0.0,1.0,0.0,0.0,0.0,0.0,1.0,0.0,0.0,0.0,1.0,0.0,0.0,0.0,0.0,3.0
0.536144578313253,0.3034188034188037,0.5077519379844966,0.3153153153153152,0.10891089108910812,0.3107869142351901,0.21387283236994206,0.058252427184465994,0.6081871345029239,0.15000000000000002,0.13157894736842102,0.5510204081632655,0.4545454545454546,0.5555555555555556,0.08219361310817586,0.0,0.0,0.0,0.0,0.0,0.0,0.0,0.0,0.0,0.0,0.0,1.0,0.0,0.0,0.0,0.0,0.0,0.0,0.0,1.0,1.0,0.0,1.0,0.0,0.0,0.0,0.0,1.0,0.0,0.0,1.0,0.0,0.0,0.0,0.0,1.0,0.0,0.0,0.0,0.0,1.0,0.0,0.0,0.0,1.0,0.0,0.0,0.0,0.0,3.0
0.5783132530120483,0.2735042735042734,0.31395348837209314,0.3153153153153152,0.10891089108910812,0.29045092838196285,0.21387283236994206,0.11650485436893156,0.7017543859649122,0.03749999999999998,0.35526315789473684,0.5510204081632655,0.2424242424242425,0.3333333333333333,0.08486875104497578,0.0,0.0,0.0,0.0,0.0,0.0,0.0,0.0,1.0,0.0,0.0,0.0,0.0,0.0,0.0,0.0,0.0,0.0,0.0,1.0,0.0,1.0,0.0,1.0,0.0,0.0,1.0,0.0,0.0,0.0,1.0,0.0,0.0,0.0,0.0,1.0,0.0,0.0,0.0,0.0,1.0,0.0,0.0,0.0,0.0,0.0,0.0,0.0,1.0,3.0
0.19879518072289154,0.3376068376068377,0.28682170542635665,0.29729729729729737,0.22772277227722704,0.17064544650751556,0.16763005780346818,0.11650485436893156,0.5380116959064325,0.16249999999999998,0.14473684210526316,0.5102040816326532,0.6666666666666667,0.6944444444444444,0.03825447249623806,0.0,0.0,1.0,0.0,0.0,0.0,0.0,0.0,0.0,0.0,0.0,0.0,0.0,0.0,0.0,0.0,0.0,0.0,0.0,1.0,1.0,0.0,0.0,1.0,0.0,0.0,1.0,0.0,0.0,0.0,1.0,0.0,0.0,0.0,0.0,1.0,0.0,0.0,0.0,0.0,1.0,0.0,0.0,0.0,1.0,0.0,0.0,0.0,0.0,3.0
0.5783132530120483,0.9102564102564101,0.8837209302325579,0.7297297297297298,0.6930693069306937,0.6772767462422635,0.3410404624277457,0.5339805825242716,0.5847953216374269,0.08750000000000002,0.3223684210526315,0.346938775510204,0.09090909090909094,0.16666666666666666,0.2256813241932787,0.0,0.0,0.0,0.0,0.0,0.0,0.0,0.0,0.0,0.0,1.0,0.0,0.0,0.0,0.0,0.0,0.0,0.0,0.0,1.0,1.0,0.0,1.0,0.0,0.0,0.0,0.0,1.0,0.0,0.0,0.0,1.0,0.0,0.0,1.0,0.0,0.0,0.0,0.0,0.0,1.0,0.0,0.0,0.0,0.0,0.0,0.0,1.0,0.0,2.0
0.1566265060240964,0.3888888888888888,0.554263565891473,0.29729729729729737,0.9306930693069306,0.7170645446507515,0.17919075144508667,0.13592233009708687,0.4912280701754384,0.125,0.09210526315789476,0.2653061224489797,0.33333333333333337,0.3888888888888888,0.12128406620966392,0.0,0.0,0.0,0.0,0.0,0.0,0.0,0.0,0.0,0.0,0.0,0.0,0.0,0.0,0.0,1.0,0.0,0.0,0.0,1.0,1.0,0.0,1.0,0.0,0.0,0.0,0.0,0.0,1.0,1.0,0.0,0.0,0.0,0.0,0.0,1.0,0.0,0.0,0.0,0.0,1.0,0.0,0.0,0.0,1.0,0.0,0.0,0.0,0.0,2.0
0.4156626506024096,0.5042735042735047,0.6802325581395348,0.4774774774774766,0.22772277227722704,0.541998231653404,0.4913294797687861,0.6893203883495147,0.7660818713450293,0.14375000000000004,0.4473684210526315,0.2653061224489797,0.2424242424242425,0.3333333333333333,0.2139441564955693,0.0,0.0,0.0,0.0,0.0,0.0,0.0,0.0,0.0,0.0,0.0,0.0,0.0,0.0,0.0,1.0,0.0,0.0,0.0,1.0,1.0,0.0,0.0,1.0,0.0,0.0,1.0,0.0,0.0,0.0,0.0,1.0,0.0,0.0,0.0,1.0,0.0,0.0,0.0,0.0,1.0,0.0,0.0,0.0,0.0,0.0,0.0,1.0,0.0,4.0
0.23493975903614456,0.5341880341880336,0.8817829457364343,0.5585585585585582,0.6336633663366333,0.5614500442086651,0.34682080924855485,0.6116504854368929,0.5146198830409354,0.14375000000000004,0.4078947368421052,0.4489795918367345,0.1515151515151515,0.2777777777777777,0.34639692359137264,0.0,0.0,0.0,0.0,0.0,0.0,0.0,0.0,0.0,0.0,0.0,0.0,0.0,1.0,0.0,0.0,0.0,0.0,0.0,1.0,1.0,0.0,1.0,0.0,0.0,0.0,0.0,1.0,0.0,0.0,1.0,0.0,0.0,0.0,0.0,1.0,0.0,0.0,0.0,0.0,1.0,0.0,0.0,0.0,0.0,0.0,0.0,1.0,0.0,4.0
0.18072289156626506,0.9615384615384612,0.9244186046511632,0.7747747747747749,0.5742574257425739,0.695844385499558,0.4624277456647399,0.8446601941747569,0.5614035087719298,0.15625,0.4342105263157895,0.5102040816326532,0.09090909090909094,0.1944444444444444,0.5843170038455108,0.0,0.0,0.0,0.0,0.0,0.0,0.0,0.0,0.0,0.0,0.0,0.0,0.0,0.0,0.0,0.0,0.0,1.0,0.0,1.0,0.0,1.0,1.0,0.0,0.0,0.0,0.0,1.0,0.0,0.0,0.0,1.0,0.0,0.0,0.0,1.0,0.0,0.0,0.0,0.0,1.0,0.0,0.0,0.0,0.0,0.0,0.0,1.0,0.0,1.0
0.0,0.675213675213675,0.6686046511627906,0.5585585585585582,0.4158415841584153,0.4093722369584438,0.3526011560693641,0.3883495145631066,0.7894736842105261,0.10624999999999996,0.2894736842105263,0.020408163265306145,0.33333333333333337,0.3888888888888888,0.16174552750376192,0.0,0.0,0.0,0.0,0.0,0.0,0.0,0.0,0.0,0.0,0.0,0.0,0.0,0.0,0.0,1.0,0.0,0.0,0.0,1.0,1.0,0.0,1.0,0.0,0.0,0.0,1.0,0.0,0.0,0.0,1.0,0.0,0.0,0.0,0.0,1.0,0.0,0.0,0.0,0.0,1.0,0.0,0.0,0.0,0.0,0.0,0.0,1.0,0.0,1.0
0.5120481927710843,0.5341880341880336,0.8817829457364343,0.5585585585585582,0.6336633663366333,0.5389036251105217,0.34682080924855485,-0.3592233009708741,-0.07017543859649145,0.14375000000000004,0.4078947368421052,0.4489795918367345,0.1515151515151515,0.2777777777777777,0.3306804882126735,0.0,0.0,0.0,0.0,0.0,0.0,0.0,0.0,0.0,0.0,0.0,0.0,0.0,1.0,0.0,0.0,0.0,0.0,0.0,1.0,1.0,0.0,0.0,1.0,0.0,0.0,1.0,0.0,0.0,0.0,1.0,0.0,0.0,0.0,0.0,1.0,0.0,0.0,0.0,0.0,1.0,0.0,0.0,0.0,0.0,0.0,0.0,1.0,0.0,5.0
0.3795180722891566,0.3376068376068377,0.4748062015503876,0.3153153153153152,0.35643564356435586,0.2387267904509284,0.20809248554913296,0.23300970873786397,0.6432748538011694,0.15000000000000002,0.1381578947368421,0.4285714285714286,0.4545454545454546,0.5277777777777777,0.08854706570807558,0.0,0.0,0.0,0.0,0.0,0.0,0.0,0.0,0.0,1.0,0.0,0.0,0.0,0.0,0.0,0.0,0.0,0.0,0.0,1.0,1.0,0.0,0.0,1.0,0.0,0.0,1.0,0.0,0.0,0.0,1.0,0.0,0.0,0.0,0.0,1.0,0.0,0.0,0.0,0.0,1.0,0.0,0.0,0.0,1.0,0.0,0.0,0.0,0.0,3.0
0.23493975903614456,0.2777777777777777,0.34883720930232576,0.3513513513513509,0.4356435643564352,0.1843501326259948,0.17341040462427748,0.11650485436893156,0.5614035087719298,0.125,0.13157894736842102,0.346938775510204,0.4545454545454546,0.5555555555555556,0.05497408460123723,0.0,0.0,0.0,0.0,0.0,0.0,1.0,0.0,0.0,0.0,0.0,0.0,0.0,0.0,0.0,0.0,0.0,0.0,0.0,1.0,1.0,0.0,0.0,1.0,0.0,0.0,1.0,0.0,0.0,0.0,1.0,0.0,0.0,0.0,0.0,1.0,0.0,0.0,0.0,0.0,1.0,0.0,0.0,0.0,1.0,0.0,0.0,0.0,0.0,3.0
0.054216867469879526,0.3888888888888888,0.3410852713178292,0.29729729729729737,0.4752475247524748,0.23297966401414685,0.17919075144508667,0.13592233009708687,0.4912280701754384,0.125,0.09210526315789476,0.2653061224489797,0.4545454545454546,0.5555555555555556,0.04470824276876775,0.0,0.0,0.0,0.0,0.0,0.0,0.0,0.0,0.0,0.0,0.0,0.0,0.0,0.0,0.0,1.0,0.0,0.0,0.0,1.0,1.0,0.0,1.0,0.0,0.0,0.0,1.0,0.0,0.0,0.0,1.0,0.0,0.0,0.0,0.0,1.0,0.0,0.0,0.0,0.0,1.0,0.0,0.0,0.0,1.0,0.0,0.0,0.0,0.0,3.0
0.5301204819277108,0.4145299145299144,0.6182170542635661,0.4594594594594597,-0.029702970297030618,0.3899204244031831,0.2832369942196532,0.2524271844660193,0.742690058479532,0.03125,0.4473684210526315,0.5510204081632655,0.21212121212121213,0.3333333333333333,0.16077579000167194,0.0,0.0,0.0,0.0,0.0,0.0,0.0,0.0,1.0,0.0,0.0,0.0,0.0,0.0,0.0,0.0,0.0,0.0,0.0,1.0,0.0,1.0,0.0,1.0,0.0,0.0,1.0,0.0,0.0,0.0,1.0,0.0,0.0,0.0,0.0,1.0,0.0,0.0,0.0,0.0,1.0,0.0,0.0,0.0,0.0,0.0,0.0,0.0,1.0,5.0
0.22289156626506013,0.4444444444444442,0.5988372093023258,0.4594594594594597,0.45544554455445496,0.3965517241379311,0.2716763005780347,0.6893203883495147,0.26315789473684204,0.125,0.22368421052631585,0.2653061224489797,0.2424242424242425,0.1944444444444444,0.13649891322521318,0.0,0.0,0.0,0.0,0.0,0.0,0.0,0.0,0.0,0.0,0.0,0.0,0.0,0.0,1.0,0.0,0.0,0.0,0.0,1.0,1.0,0.0,1.0,0.0,0.0,0.0,0.0,1.0,0.0,1.0,0.0,0.0,0.0,0.0,0.0,0.0,1.0,0.0,0.0,0.0,1.0,0.0,0.0,0.0,1.0,0.0,0.0,0.0,0.0,2.0
0.2590361445783132,0.5897435897435899,0.8430232558139537,0.5585585585585582,0.5346534653465342,0.6949602122015914,0.6936416184971098,0.5048543689320386,0.631578947368421,0.125,0.6842105263157895,0.4285714285714286,0.09090909090909094,0.1944444444444444,0.27915064370506604,0.0,0.0,0.0,0.0,0.0,0.0,0.0,0.0,0.0,1.0,0.0,0.0,0.0,0.0,0.0,0.0,0.0,0.0,0.0,1.0,1.0,0.0,1.0,0.0,0.0,0.0,0.0,1.0,0.0,0.0,1.0,0.0,0.0,0.0,0.0,0.0,0.0,1.0,0.0,0.0,0.0,1.0,0.0,0.0,0.0,0.0,0.0,1.0,0.0,2.0
0.09638554216867468,0.3888888888888888,0.554263565891473,0.29729729729729737,0.9306930693069306,0.35455349248452706,0.17919075144508667,0.13592233009708687,0.4912280701754384,0.125,0.09210526315789476,0.2653061224489797,0.33333333333333337,0.3888888888888888,0.09185754890486544,0.0,0.0,0.0,0.0,0.0,0.0,0.0,0.0,0.0,0.0,0.0,0.0,0.0,0.0,0.0,1.0,0.0,0.0,0.0,1.0,1.0,0.0,1.0,0.0,0.0,0.0,0.0,0.0,1.0,1.0,0.0,0.0,0.0,0.0,0.0,1.0,0.0,0.0,0.0,0.0,1.0,0.0,0.0,0.0,1.0,0.0,0.0,0.0,0.0,2.0
0.3433734939759036,0.457264957264957,0.5930232558139532,0.4684684684684681,0.5940594059405946,0.31874447391688776,0.2774566473988439,0.27184466019417464,0.7076023391812865,0.125,0.2434210526315789,0.4489795918367345,0.33333333333333337,0.4444444444444444,0.09443236916903523,0.0,0.0,0.0,0.0,0.0,0.0,0.0,0.0,0.0,0.0,0.0,0.0,0.0,0.0,0.0,0.0,1.0,0.0,0.0,1.0,1.0,0.0,0.0,1.0,0.0,0.0,0.0,1.0,0.0,0.0,1.0,0.0,0.0,0.0,0.0,1.0,0.0,0.0,0.0,0.0,1.0,0.0,0.0,0.0,0.0,0.0,0.0,1.0,0.0,4.0
0.18072289156626506,0.9615384615384612,0.9244186046511632,0.7747747747747749,0.5742574257425739,0.7643678160919541,0.4855491329479769,0.0970873786407762,0.7076023391812865,1.0,0.381578947368421,0.2653061224489797,0.303030303030303,0.25,0.579133924092961,0.0,0.0,0.0,0.0,0.0,0.0,0.0,0.0,0.0,0.0,0.0,0.0,0.0,0.0,0.0,0.0,0.0,1.0,1.0,0.0,0.0,1.0,1.0,0.0,0.0,0.0,0.0,1.0,0.0,0.0,0.0,1.0,0.0,0.0,0.0,1.0,0.0,0.0,0.0,0.0,0.0,1.0,0.0,0.0,0.0,1.0,0.0,0.0,0.0,1.0
0.1566265060240964,0.3888888888888888,0.4883720930232562,0.3693693693693696,0.3069306930693063,0.2882404951370469,0.21387283236994206,0.27184466019417464,0.4912280701754384,0.125,0.14473684210526316,0.2653061224489797,0.3636363636363637,0.4444444444444444,0.1373348938304631,0.0,0.0,0.0,0.0,0.0,0.0,0.0,0.0,0.0,0.0,0.0,0.0,0.0,0.0,0.0,1.0,0.0,0.0,0.0,1.0,1.0,0.0,1.0,0.0,0.0,0.0,0.0,1.0,0.0,0.0,1.0,0.0,0.0,0.0,0.0,1.0,0.0,0.0,0.0,0.0,1.0,0.0,0.0,0.0,1.0,0.0,0.0,0.0,0.0,2.0
0.5,0.3034188034188037,0.31395348837209314,0.3153153153153152,0.08910891089108919,0.2214854111405836,0.16763005780346818,0.058252427184465994,0.6081871345029239,0.15000000000000002,0.13157894736842102,0.5510204081632655,0.4545454545454546,0.5555555555555556,0.05152984450760742,0.0,0.0,0.0,1.0,0.0,0.0,0.0,0.0,0.0,0.0,0.0,0.0,0.0,0.0,0.0,0.0,0.0,0.0,0.0,1.0,1.0,0.0,1.0,0.0,0.0,0.0,0.0,1.0,0.0,0.0,1.0,0.0,0.0,0.0,0.0,1.0,0.0,0.0,0.0,0.0,1.0,0.0,0.0,0.0,1.0,0.0,0.0,0.0,0.0,3.0
0.16867469879518074,0.858974358974359,0.8992248062015507,0.9009009009008996,0.5148514851485144,0.8872679045092837,0.7052023121387282,0.650485436893204,0.8479532163742691,0.90625,0.4934210526315789,0.08163265306122436,0.18181818181818188,0.1944444444444444,0.7699381374352114,0.0,0.0,0.0,0.0,0.0,0.0,0.0,1.0,0.0,0.0,0.0,0.0,0.0,0.0,0.0,0.0,0.0,0.0,1.0,0.0,0.0,1.0,0.0,1.0,0.0,1.0,0.0,0.0,0.0,0.0,0.0,1.0,0.0,0.0,0.0,1.0,0.0,0.0,0.0,1.0,0.0,0.0,0.0,0.0,0.0,1.0,0.0,0.0,0.0,2.0
0.31927710843373497,0.3034188034188037,0.31395348837209314,0.3153153153153152,0.10891089108910812,0.17152961980548187,0.16763005780346818,0.058252427184465994,0.6081871345029239,0.150625,0.13157894736842102,0.5510204081632655,0.6363636363636365,0.6388888888888888,0.014077913392409297,0.0,0.0,0.0,1.0,0.0,0.0,0.0,0.0,0.0,0.0,0.0,0.0,0.0,0.0,0.0,0.0,0.0,0.0,0.0,1.0,1.0,0.0,0.0,1.0,0.0,0.0,1.0,0.0,0.0,0.0,1.0,0.0,0.0,0.0,0.0,1.0,0.0,0.0,0.0,0.0,1.0,0.0,0.0,0.0,1.0,0.0,0.0,0.0,0.0,3.0
0.1566265060240964,0.3888888888888888,0.4883720930232562,0.3693693693693696,0.3267326732673261,0.3479221927497791,0.2832369942196532,0.349514563106796,0.6783625730994152,0.96875,0.05263157894736842,0.1428571428571428,0.5454545454545454,0.5,0.09185754890486544,0.0,0.0,0.0,0.0,0.0,0.0,0.0,0.0,0.0,0.0,0.0,0.0,0.0,0.0,0.0,1.0,0.0,0.0,1.0,0.0,1.0,0.0,1.0,0.0,0.0,0.0,0.0,1.0,0.0,0.0,1.0,0.0,0.0,0.0,0.0,1.0,0.0,0.0,0.0,0.0,1.0,0.0,0.0,0.0,0.0,1.0,0.0,0.0,0.0,2.0
0.2710843373493976,0.4230769230769229,0.4321705426356592,0.33333333333333304,0.4752475247524748,0.23076923076923084,0.17919075144508667,0.0,0.7134502923976609,0.13749999999999996,0.1842105263157895,0.7551020408163265,0.4242424242424243,0.4444444444444444,0.0716936967062364,0.0,0.0,0.0,0.0,1.0,0.0,0.0,0.0,0.0,0.0,0.0,0.0,0.0,0.0,0.0,0.0,0.0,0.0,0.0,1.0,1.0,0.0,1.0,0.0,0.0,0.0,0.0,1.0,0.0,0.0,1.0,0.0,0.0,0.0,0.0,1.0,0.0,0.0,0.0,0.0,1.0,0.0,0.0,1.0,0.0,0.0,0.0,0.0,0.0,2.0
0.2590361445783132,0.5897435897435899,0.8430232558139537,0.5585585585585582,0.6336633663366333,0.7992926613616269,0.6936416184971098,0.5048543689320386,0.631578947368421,0.125,0.6842105263157895,0.4285714285714286,0.03030303030303028,0.11111111111111104,0.3092459454940645,0.0,0.0,0.0,0.0,0.0,0.0,0.0,0.0,0.0,1.0,0.0,0.0,0.0,0.0,0.0,0.0,0.0,0.0,0.0,1.0,1.0,0.0,1.0,0.0,0.0,0.0,0.0,0.0,1.0,0.0,1.0,0.0,0.0,0.0,0.0,0.0,0.0,1.0,0.0,0.0,0.0,1.0,0.0,0.0,0.0,0.0,0.0,1.0,0.0,2.0
0.5783132530120483,0.3034188034188037,0.31395348837209314,0.3693693693693696,0.10891089108910812,0.2015915119363396,0.17919075144508667,0.058252427184465994,0.6081871345029239,0.15000000000000002,0.13157894736842102,0.5510204081632655,0.4545454545454546,0.5555555555555556,0.03470991472997825,0.0,0.0,0.0,0.0,0.0,0.0,0.0,0.0,1.0,0.0,0.0,0.0,0.0,0.0,0.0,0.0,0.0,0.0,0.0,1.0,1.0,0.0,0.0,1.0,0.0,0.0,1.0,0.0,0.0,0.0,1.0,0.0,0.0,0.0,0.0,1.0,0.0,0.0,0.0,0.0,1.0,0.0,0.0,0.0,1.0,0.0,0.0,0.0,0.0,4.0
0.2530120481927711,0.4230769230769229,0.5426356589147288,0.5135135135135132,0.12871287128712794,0.3558797524314765,0.2832369942196532,0.23300970873786397,0.8128654970760234,0.13124999999999998,0.3421052631578947,0.5510204081632655,0.2727272727272727,0.3611111111111111,0.1736833305467313,0.0,0.0,0.0,0.0,1.0,0.0,0.0,0.0,0.0,0.0,0.0,0.0,0.0,0.0,0.0,0.0,0.0,0.0,0.0,1.0,1.0,0.0,0.0,1.0,0.0,0.0,0.0,1.0,0.0,0.0,1.0,0.0,0.0,0.0,0.0,1.0,0.0,0.0,0.0,0.0,1.0,0.0,0.0,0.0,1.0,0.0,0.0,0.0,0.0,3.0
0.5602409638554218,0.8205128205128198,1.0,1.0,0.6138613861386135,0.7064544650751547,0.4046242774566474,0.2135922330097082,0.7076023391812865,0.08125000000000004,0.6052631578947368,0.5510204081632655,0.03030303030303028,0.05555555555555558,0.6261160341080086,1.0,0.0,0.0,0.0,0.0,0.0,0.0,0.0,0.0,0.0,0.0,0.0,0.0,0.0,0.0,0.0,0.0,0.0,0.0,1.0,0.0,1.0,1.0,0.0,0.0,0.0,0.0,1.0,0.0,0.0,1.0,0.0,0.0,0.0,0.0,1.0,0.0,0.0,0.0,1.0,0.0,0.0,0.0,0.0,0.0,0.0,0.0,1.0,0.0,3.0
0.3614457831325301,0.4145299145299144,0.6065891472868219,0.4594594594594597,0.18811881188118829,0.405393457117595,0.3526011560693641,0.4271844660194173,0.742690058479532,0.09375,0.2631578947368421,0.346938775510204,0.2727272727272727,0.3888888888888888,0.10158836314997494,0.0,0.0,0.0,0.0,0.0,0.0,0.0,0.0,1.0,0.0,0.0,0.0,0.0,0.0,0.0,0.0,0.0,0.0,0.0,1.0,1.0,0.0,1.0,0.0,0.0,0.0,0.0,1.0,0.0,0.0,1.0,0.0,0.0,0.0,0.0,1.0,0.0,0.0,0.0,0.0,1.0,0.0,0.0,0.0,1.0,0.0,0.0,0.0,0.0,3.0
0.22289156626506013,0.4529914529914527,0.5988372093023258,0.4594594594594597,0.2772277227722766,0.29045092838196285,0.2716763005780347,0.6893203883495147,0.26315789473684204,0.15625,0.22368421052631585,0.2653061224489797,0.4848484848484849,0.5277777777777777,0.06604246781474668,0.0,0.0,0.0,0.0,0.0,0.0,0.0,0.0,0.0,0.0,0.0,0.0,0.0,0.0,1.0,0.0,0.0,0.0,0.0,1.0,1.0,0.0,1.0,0.0,0.0,0.0,0.0,1.0,0.0,0.0,1.0,0.0,0.0,0.0,0.0,0.0,1.0,0.0,0.0,0.0,1.0,0.0,0.0,0.0,1.0,0.0,0.0,0.0,0.0,2.0
0.108433734939759,0.3034188034188037,0.306201550387597,0.27927927927927865,0.3960396039603964,0.24845269672855885,0.20809248554913296,0.6893203883495147,0.09941520467836253,0.125,0.1381578947368421,0.3061224489795917,0.4545454545454546,0.5,-0.001103494398929955,0.0,0.0,0.0,0.0,0.0,0.0,0.0,0.0,0.0,0.0,0.0,0.0,0.0,0.0,1.0,0.0,0.0,0.0,0.0,1.0,1.0,0.0,0.0,1.0,0.0,0.0,1.0,0.0,0.0,0.0,1.0,0.0,0.0,0.0,0.0,0.0,1.0,0.0,0.0,0.0,1.0,0.0,0.0,0.0,1.0,0.0,0.0,0.0,0.0,4.0
0.3795180722891566,0.3376068376068377,0.4689922480620159,0.3153153153153152,0.4752475247524748,0.23386383731211324,0.2427745664739885,0.07766990291262132,0.7485380116959064,0.93125,0.04605263157894735,0.2653061224489797,0.8787878787878789,0.8888888888888888,0.06513960876107673,0.0,0.0,0.0,0.0,0.0,0.0,0.0,0.0,0.0,1.0,0.0,0.0,0.0,0.0,0.0,0.0,0.0,0.0,1.0,0.0,1.0,0.0,0.0,1.0,0.0,0.0,0.0,1.0,0.0,0.0,1.0,0.0,0.0,0.0,0.0,1.0,0.0,0.0,0.0,0.0,1.0,0.0,0.0,0.0,0.0,1.0,0.0,0.0,0.0,3.0
0.4156626506024096,0.5042735042735047,0.6802325581395348,0.4774774774774766,0.22772277227722704,0.4650751547303271,0.4913294797687861,0.6893203883495147,0.7660818713450293,0.14375000000000004,0.4473684210526315,0.2653061224489797,0.2424242424242425,0.3333333333333333,0.11028256144457448,0.0,0.0,0.0,0.0,0.0,0.0,0.0,0.0,0.0,0.0,0.0,0.0,0.0,0.0,0.0,1.0,0.0,0.0,0.0,1.0,1.0,0.0,0.0,1.0,0.0,1.0,0.0,0.0,0.0,0.0,0.0,1.0,0.0,0.0,0.0,1.0,0.0,0.0,0.0,0.0,1.0,0.0,0.0,0.0,0.0,0.0,0.0,1.0,0.0,4.0
0.054216867469879526,0.7564102564102559,0.9244186046511632,0.6216216216216209,0.7722772277227721,0.6870026525198941,0.4624277456647399,0.8446601941747569,0.5614035087719298,0.15625,0.4342105263157895,0.5102040816326532,0.2424242424242425,0.2777777777777777,0.38000334392242097,0.0,0.0,0.0,0.0,0.0,0.0,0.0,0.0,0.0,0.0,0.0,0.0,0.0,0.0,0.0,0.0,0.0,1.0,0.0,1.0,1.0,0.0,1.0,0.0,0.0,0.0,0.0,0.0,1.0,0.0,0.0,1.0,0.0,0.0,0.0,1.0,0.0,0.0,0.0,0.0,1.0,0.0,0.0,0.0,0.0,0.0,0.0,1.0,0.0,1.0
0.054216867469879526,0.7564102564102559,0.9244186046511632,0.6216216216216209,0.7722772277227721,0.7378426171529621,0.3988439306358381,0.6893203883495147,0.5614035087719298,0.03125,0.7499999999999999,0.3877551020408163,0.03030303030303028,0.11111111111111104,0.4614278548737669,0.0,0.0,0.0,0.0,0.0,0.0,0.0,0.0,0.0,0.0,0.0,0.0,0.0,0.0,0.0,0.0,0.0,1.0,0.0,1.0,0.0,1.0,1.0,0.0,0.0,0.0,0.0,0.0,1.0,0.0,0.0,1.0,0.0,0.0,0.0,1.0,0.0,0.0,0.0,0.0,1.0,0.0,0.0,0.0,0.0,0.0,0.0,1.0,0.0,1.0
0.7771084337349399,0.20085470085470056,0.5736434108527133,0.6846846846846848,0.0,0.6998231653404068,0.6936416184971098,0.5048543689320386,0.631578947368421,0.125,0.7368421052631579,0.4285714285714286,0.09090909090909094,0.1944444444444444,0.4028757732820598,0.0,0.0,0.0,0.0,0.0,0.0,0.0,0.0,0.0,1.0,0.0,0.0,0.0,0.0,0.0,0.0,0.0,0.0,0.0,1.0,1.0,0.0,0.0,1.0,0.0,0.0,1.0,0.0,0.0,0.0,0.0,1.0,0.0,0.0,0.0,0.0,0.0,1.0,0.0,0.0,0.0,1.0,0.0,0.0,0.0,0.0,0.0,1.0,0.0,5.0
0.22891566265060245,0.3376068376068377,0.5639534883720931,0.3153153153153152,0.3762376237623757,0.23695844385499565,0.20809248554913296,0.23300970873786397,0.6432748538011694,0.15000000000000002,0.1381578947368421,0.4285714285714286,0.4545454545454546,0.5277777777777777,0.0734994148135763,0.0,0.0,0.0,0.0,0.0,0.0,0.0,0.0,0.0,1.0,0.0,0.0,0.0,0.0,0.0,0.0,0.0,0.0,0.0,1.0,1.0,0.0,1.0,0.0,0.0,0.0,0.0,0.0,1.0,0.0,1.0,0.0,0.0,0.0,0.0,1.0,0.0,0.0,0.0,0.0,1.0,0.0,0.0,0.0,1.0,0.0,0.0,0.0,0.0,3.0
0.5301204819277108,0.4145299145299144,0.6182170542635661,0.4594594594594597,-0.029702970297030618,0.3713527851458887,0.3526011560693641,0.4271844660194173,0.742690058479532,0.09375,0.2631578947368421,0.346938775510204,0.2727272727272727,0.3888888888888888,0.11195452265507436,0.0,0.0,0.0,0.0,0.0,0.0,0.0,0.0,1.0,0.0,0.0,0.0,0.0,0.0,0.0,0.0,0.0,0.0,0.0,1.0,1.0,0.0,0.0,1.0,0.0,0.0,1.0,0.0,0.0,0.0,1.0,0.0,0.0,0.0,0.0,1.0,0.0,0.0,0.0,0.0,1.0,0.0,0.0,0.0,1.0,0.0,0.0,0.0,0.0,5.0
0.14457831325301201,0.4444444444444442,0.6279069767441863,0.4594594594594597,0.3267326732673261,0.35455349248452706,0.2716763005780347,0.6893203883495147,0.26315789473684204,0.125,0.22368421052631585,0.2653061224489797,0.3636363636363637,0.3888888888888888,0.07731148637351612,0.0,0.0,0.0,0.0,0.0,0.0,0.0,0.0,0.0,0.0,0.0,0.0,0.0,0.0,1.0,0.0,0.0,0.0,0.0,1.0,1.0,0.0,1.0,0.0,0.0,0.0,0.0,0.0,1.0,0.0,1.0,0.0,0.0,0.0,0.0,0.0,1.0,0.0,0.0,0.0,1.0,0.0,0.0,0.0,1.0,0.0,0.0,0.0,0.0,2.0
0.2891566265060241,0.2777777777777777,0.4980620155038764,0.3513513513513509,0.4356435643564352,0.2042440318302388,0.17341040462427748,0.16504854368932032,0.5614035087719298,0.125,0.13157894736842102,0.346938775510204,0.4545454545454546,0.5555555555555556,0.07503761912723625,0.0,0.0,0.0,0.0,0.0,0.0,1.0,0.0,0.0,0.0,0.0,0.0,0.0,0.0,0.0,0.0,0.0,0.0,0.0,1.0,1.0,0.0,1.0,0.0,0.0,0.0,0.0,1.0,0.0,0.0,1.0,0.0,0.0,0.0,0.0,1.0,0.0,0.0,0.0,0.0,1.0,0.0,0.0,0.0,1.0,0.0,0.0,0.0,0.0,3.0
0.5963855421686748,0.5641025641025634,0.6879844961240309,0.531531531531531,0.45544554455445496,0.3753315649867375,0.2774566473988439,0.27184466019417464,0.7076023391812865,0.1875,0.35526315789473684,0.5510204081632655,0.2424242424242425,0.3333333333333333,0.2942317338237753,1.0,0.0,0.0,0.0,0.0,0.0,0.0,0.0,0.0,0.0,0.0,0.0,0.0,0.0,0.0,0.0,0.0,0.0,0.0,1.0,1.0,0.0,1.0,0.0,0.0,0.0,0.0,1.0,0.0,0.0,1.0,0.0,0.0,0.0,0.0,1.0,0.0,0.0,0.0,0.0,1.0,0.0,0.0,0.0,0.0,0.0,0.0,1.0,0.0,4.0
0.7951807228915664,0.6965811965811963,0.8217054263565893,0.6666666666666661,0.22772277227722704,0.6755083996463307,0.6358381502890174,0.349514563106796,0.6783625730994152,0.14375000000000004,0.7434210526315789,0.4285714285714286,0.09090909090909094,0.16666666666666666,0.36271526500585183,0.0,0.0,0.0,0.0,0.0,0.0,0.0,0.0,0.0,0.0,0.0,0.0,0.0,0.0,0.0,1.0,0.0,0.0,0.0,1.0,1.0,0.0,0.0,1.0,0.0,0.0,1.0,0.0,0.0,0.0,0.0,1.0,0.0,1.0,0.0,0.0,0.0,0.0,0.0,0.0,0.0,1.0,0.0,0.0,0.0,0.0,0.0,1.0,0.0,5.0
0.2469879518072289,0.4230769230769229,0.5116279069767442,0.4414414414414409,0.35643564356435586,0.3306808134394341,0.2832369942196532,0.23300970873786397,0.8128654970760234,0.125,0.25,0.6734693877551019,0.33333333333333337,0.4166666666666666,0.0917572312322354,0.0,0.0,0.0,0.0,1.0,0.0,0.0,0.0,0.0,0.0,0.0,0.0,0.0,0.0,0.0,0.0,0.0,0.0,0.0,1.0,1.0,0.0,0.0,1.0,0.0,0.0,1.0,0.0,0.0,0.0,1.0,0.0,0.0,0.0,0.0,1.0,0.0,0.0,0.0,0.0,1.0,0.0,0.0,1.0,0.0,0.0,0.0,0.0,0.0,2.0
0.3433734939759036,0.3376068376068377,0.4689922480620159,0.3153153153153152,0.4752475247524748,0.1989389920424404,0.20809248554913296,0.23300970873786397,0.6432748538011694,0.15000000000000002,0.1381578947368421,0.4285714285714286,0.4545454545454546,0.5277777777777777,0.05677980270857716,0.0,0.0,0.0,0.0,0.0,0.0,0.0,0.0,0.0,1.0,0.0,0.0,0.0,0.0,0.0,0.0,0.0,0.0,0.0,1.0,1.0,0.0,1.0,0.0,0.0,0.0,0.0,1.0,0.0,0.0,1.0,0.0,0.0,0.0,0.0,1.0,0.0,0.0,0.0,0.0,1.0,0.0,0.0,0.0,1.0,0.0,0.0,0.0,0.0,3.0
0.43373493975903615,0.0,0.0678294573643412,0.3243243243243237,0.10891089108910812,0.14633068081343947,0.17919075144508667,0.0,0.7134502923976609,0.13749999999999996,0.1842105263157895,0.7551020408163265,0.4545454545454546,0.5555555555555556,0.05698043805383715,0.0,0.0,0.0,0.0,1.0,0.0,0.0,0.0,0.0,0.0,0.0,0.0,0.0,0.0,0.0,0.0,0.0,0.0,0.0,1.0,1.0,0.0,0.0,1.0,0.0,0.0,1.0,0.0,0.0,0.0,1.0,0.0,0.0,0.0,0.0,1.0,0.0,0.0,0.0,0.0,1.0,0.0,0.0,1.0,0.0,0.0,0.0,0.0,0.0,4.0
0.536144578313253,0.3034188034188037,0.31395348837209314,0.3153153153153152,0.08910891089108919,0.21175950486295314,0.16763005780346818,0.058252427184465994,0.6081871345029239,0.15000000000000002,0.13157894736842102,0.5510204081632655,0.4545454545454546,0.5555555555555556,0.03604748369837818,0.0,0.0,0.0,0.0,0.0,0.0,0.0,0.0,0.0,0.0,0.0,1.0,0.0,0.0,0.0,0.0,0.0,0.0,0.0,1.0,1.0,0.0,1.0,0.0,0.0,0.0,1.0,0.0,0.0,0.0,1.0,0.0,0.0,0.0,0.0,1.0,0.0,0.0,0.0,0.0,1.0,0.0,0.0,0.0,1.0,0.0,0.0,0.0,0.0,3.0
1.1506024096385543,0.3376068376068377,0.4767441860465116,0.33333333333333304,0.16831683168316758,0.3240495137046861,0.2774566473988439,0.27184466019417464,0.7076023391812865,0.09375,0.2763157894736842,0.5510204081632655,0.2424242424242425,0.3055555555555555,0.1614780137100819,0.0,0.0,0.0,0.0,0.0,0.0,0.0,0.0,0.0,0.0,0.0,0.0,0.0,0.0,0.0,0.0,1.0,0.0,0.0,1.0,1.0,0.0,0.0,1.0,0.0,0.0,1.0,0.0,0.0,0.0,1.0,0.0,0.0,0.0,0.0,1.0,0.0,0.0,0.0,0.0,1.0,0.0,0.0,0.0,0.0,0.0,0.0,1.0,0.0,5.0
0.22289156626506013,0.4529914529914527,0.5988372093023258,0.4594594594594597,0.2772277227722766,0.31034482758620696,0.2716763005780347,0.6893203883495147,0.26315789473684204,0.15625,0.22368421052631585,0.1020408163265305,0.3636363636363637,0.4166666666666666,0.08774452432703561,0.0,0.0,0.0,0.0,0.0,0.0,0.0,0.0,0.0,0.0,0.0,0.0,0.0,0.0,1.0,0.0,0.0,0.0,0.0,1.0,1.0,0.0,1.0,0.0,0.0,0.0,0.0,1.0,0.0,0.0,1.0,0.0,0.0,0.0,0.0,0.0,1.0,0.0,0.0,0.0,1.0,0.0,0.0,0.0,1.0,0.0,0.0,0.0,0.0,2.0
0.23493975903614456,0.2777777777777777,0.34883720930232576,0.3513513513513509,0.4356435643564352,0.1821396993810788,0.17341040462427748,0.11650485436893156,0.5614035087719298,0.125,0.13157894736842102,0.346938775510204,0.4545454545454546,0.5555555555555556,0.0315666276542384,0.0,0.0,0.0,0.0,0.0,0.0,1.0,0.0,0.0,0.0,0.0,0.0,0.0,0.0,0.0,0.0,0.0,0.0,0.0,1.0,1.0,0.0,0.0,1.0,0.0,0.0,1.0,0.0,0.0,0.0,1.0,0.0,0.0,0.0,0.0,1.0,0.0,0.0,0.0,0.0,1.0,0.0,0.0,0.0,1.0,0.0,0.0,0.0,0.0,3.0
0.5783132530120483,0.9102564102564101,0.8837209302325579,0.7297297297297298,0.6930693069306937,0.7555260831122901,0.5260115606936416,0.7669902912621359,0.7777777777777777,0.875,0.3092105263157895,0.0,0.3636363636363637,0.4166666666666666,0.2691523156662765,0.0,0.0,0.0,0.0,0.0,0.0,0.0,0.0,0.0,0.0,1.0,0.0,0.0,0.0,0.0,0.0,0.0,0.0,1.0,0.0,0.0,1.0,1.0,0.0,0.0,0.0,0.0,1.0,0.0,0.0,0.0,1.0,0.0,0.0,1.0,0.0,0.0,0.0,0.0,0.0,1.0,0.0,0.0,0.0,0.0,1.0,0.0,0.0,0.0,2.0
0.108433734939759,0.2863247863247862,0.31395348837209314,0.3153153153153152,0.5940594059405946,0.3324491600353669,0.2716763005780347,0.6893203883495147,0.26315789473684204,0.10624999999999996,0.16447368421052633,0.1020408163265305,0.303030303030303,0.3611111111111111,0.08199297776291586,0.0,0.0,0.0,0.0,0.0,0.0,0.0,0.0,0.0,0.0,0.0,0.0,0.0,0.0,1.0,0.0,0.0,0.0,0.0,1.0,1.0,0.0,0.0,1.0,0.0,0.0,1.0,0.0,0.0,1.0,0.0,0.0,0.0,0.0,0.0,0.0,1.0,0.0,0.0,0.0,1.0,0.0,0.0,0.0,1.0,0.0,0.0,0.0,0.0,4.0
0.5963855421686748,0.5470085470085473,0.6879844961240309,0.5495495495495497,0.45544554455445496,0.5906277630415562,0.4335260115606936,0.27184466019417464,0.7076023391812865,0.0625,0.4407894736842105,0.5510204081632655,0.06060606060606055,0.11111111111111104,0.4112690185587694,1.0,0.0,0.0,0.0,0.0,0.0,0.0,0.0,0.0,0.0,0.0,0.0,0.0,0.0,0.0,0.0,0.0,0.0,0.0,1.0,1.0,0.0,1.0,0.0,0.0,0.0,0.0,1.0,0.0,1.0,0.0,0.0,0.0,0.0,0.0,1.0,0.0,0.0,0.0,1.0,0.0,0.0,0.0,0.0,0.0,0.0,0.0,1.0,0.0,4.0
